Datum,Erzeugung_laufwerk_GWh,Erzeugung_speicherwerk_GWh,Erzeugung_kernkraftwerk_GWh,Erzeugung_andere_GWh,Verbrauch_speicherpumpen_GWh,Erzeugung_netto_GWh,Einfuhr_GWh,Ausfuhr_GWh,Landesverbrauch_GWh
2003-01-01,42.950,19.056,76.752,8.605,NULL,138.006,128.879,125.106,141.779
2003-01-08,37.705,112.265,77.809,9.699,NULL,236.075,96.933,131.108,201.901
2003-01-15,33.334,84.014,77.844,9.291,NULL,199.240,109.175,110.691,197.723
2003-01-22,30.790,89.008,77.672,9.732,NULL,204.009,120.587,135.114,189.482
2003-01-29,32.553,76.180,74.279,9.197,NULL,182.849,126.788,127.684,181.954
2003-02-05,32.606,100.358,77.884,9.265,NULL,218.539,114.423,132.949,200.014
2003-02-12,30.184,99.789,77.957,9.218,NULL,214.489,119.553,132.945,201.098
2003-02-19,29.175,120.198,77.797,9.094,NULL,233.747,106.579,134.119,206.207
2003-02-26,27.005,85.457,77.623,9.147,NULL,194.386,129.386,138.196,185.575
2003-03-05,30.047,76.955,77.249,8.584,NULL,188.573,130.152,135.387,183.338
2003-03-12,30.639,67.411,76.689,8.998,NULL,177.910,130.256,133.449,174.718
2003-03-19,28.543,59.356,75.234,8.607,NULL,167.842,134.048,125.049,176.841
2003-03-26,31.715,67.148,77.293,8.483,NULL,180.640,121.157,130.470,171.327
2003-04-02,38.214,55.934,77.571,8.988,NULL,175.280,131.611,132.742,174.150
2003-04-09,32.749,76.481,77.478,8.212,NULL,192.817,123.050,134.135,181.731
2003-04-16,35.818,40.651,76.752,8.400,NULL,155.534,127.442,117.901,165.074
2003-04-23,39.175,53.729,76.752,8.415,NULL,174.086,126.333,141.368,159.051
2003-04-30,52.064,56.200,75.795,8.395,NULL,184.604,108.012,140.169,152.448
2003-05-07,65.594,73.835,76.008,7.218,NULL,215.844,84.705,149.622,150.927
2003-05-14,65.490,79.076,75.751,7.294,NULL,222.501,84.624,156.278,150.847
2003-05-21,62.840,73.442,75.791,7.024,NULL,213.411,94.067,147.813,159.665
2003-05-28,65.939,71.019,72.644,7.397,NULL,209.374,88.247,148.658,148.963
2003-06-04,72.872,86.955,43.718,7.748,NULL,201.021,82.803,150.331,133.493
2003-06-11,76.246,84.499,41.967,7.903,NULL,199.197,90.073,131.974,157.296
2003-06-18,76.565,93.181,43.610,7.933,NULL,212.961,76.196,130.104,159.053
2003-06-25,71.117,81.779,49.020,8.008,NULL,199.026,94.782,135.468,158.340
2003-07-02,68.659,72.198,74.649,7.095,NULL,212.201,92.053,150.161,154.093
2003-07-09,60.498,76.975,74.214,7.303,NULL,210.778,93.805,146.882,157.701
2003-07-16,62.474,89.495,71.132,6.970,NULL,222.575,88.415,152.596,158.394
2003-07-23,67.591,90.184,69.751,7.056,NULL,225.319,79.532,154.621,150.230
2003-07-30,62.578,70.091,62.977,7.137,NULL,192.228,97.593,151.832,137.988
2003-08-06,60.395,103.368,35.348,7.981,NULL,198.502,82.809,130.861,150.450
2003-08-13,59.151,86.148,29.266,8.604,NULL,173.555,96.707,111.994,158.268
2003-08-20,56.764,80.701,35.493,7.544,NULL,171.134,98.709,108.854,160.988
2003-08-27,50.166,73.515,58.038,7.235,NULL,181.438,109.804,125.578,165.664
2003-09-03,45.020,62.211,71.611,7.870,NULL,181.337,102.695,121.436,162.595
2003-09-10,43.159,73.867,76.157,7.520,NULL,194.103,105.159,135.626,163.636
2003-09-17,34.168,57.068,76.351,8.249,NULL,170.735,115.675,124.795,161.615
2003-09-24,38.393,64.448,76.349,7.963,NULL,179.510,116.806,129.261,167.055
2003-10-01,32.055,69.912,76.867,7.094,NULL,179.802,125.805,137.821,167.787
2003-10-08,41.126,41.712,77.401,6.993,NULL,163.395,139.223,133.263,169.355
2003-10-15,38.910,59.791,77.492,6.628,NULL,180.044,115.427,127.343,168.129
2003-10-22,33.053,73.418,77.720,7.271,NULL,189.545,109.956,125.955,173.546
2003-10-29,30.254,71.658,77.619,7.279,NULL,181.506,119.167,116.479,184.194
2003-11-05,31.096,57.756,77.635,8.467,NULL,172.181,131.420,123.197,180.404
2003-11-12,27.133,66.875,77.653,8.852,NULL,177.699,135.251,127.253,185.699
2003-11-19,26.460,45.934,77.557,8.243,NULL,153.300,138.538,109.113,182.725
2003-11-26,26.735,61.834,77.545,8.367,NULL,170.921,133.978,119.993,184.906
2003-12-03,30.178,76.121,77.764,8.190,NULL,189.143,119.268,121.225,187.186
2003-12-10,26.265,87.918,77.851,8.254,NULL,197.218,118.537,115.867,199.888
2003-12-17,24.598,69.988,77.864,8.273,NULL,176.070,139.488,115.889,199.668
2003-12-24,21.625,17.796,78.077,8.027,NULL,115.892,158.518,97.247,177.163
2003-12-31,19.994,14.543,77.988,8.119,NULL,112.306,163.187,105.612,169.880
2004-01-07,22.941,76.237,77.647,9.243,NULL,182.931,105.890,92.745,196.076
2004-01-14,41.866,38.976,77.613,9.177,NULL,164.387,114.035,86.773,191.649
2004-01-21,35.903,69.709,77.902,9.250,NULL,189.933,100.662,91.222,199.373
2004-01-28,31.062,78.623,77.798,9.330,NULL,194.950,112.397,97.382,209.966
2004-02-04,27.268,40.070,77.665,9.515,NULL,152.715,117.289,77.149,192.855
2004-02-11,27.375,69.695,77.722,9.343,NULL,181.177,100.050,81.335,199.893
2004-02-18,25.924,61.902,77.736,9.510,NULL,171.934,101.916,83.466,190.384
2004-02-25,26.328,72.168,77.215,9.459,NULL,183.018,107.480,91.748,198.750
2004-03-03,27.365,81.758,76.964,9.659,NULL,193.639,103.079,94.524,202.194
2004-03-10,25.935,82.589,77.743,9.418,NULL,194.202,109.008,105.110,198.100
2004-03-17,30.373,50.184,77.419,9.073,NULL,166.420,108.006,97.648,176.779
2004-03-24,33.654,68.470,77.683,9.054,NULL,187.907,93.740,92.331,189.317
2004-03-31,30.845,44.630,77.300,9.227,NULL,156.622,104.732,84.798,176.557
2004-04-07,37.279,52.438,77.607,8.852,NULL,175.148,104.609,98.093,181.665
2004-04-14,31.931,39.277,77.421,7.993,NULL,155.473,110.338,90.285,175.526
2004-04-21,33.157,36.900,77.196,8.003,NULL,152.732,101.895,88.217,166.411
2004-04-28,46.350,43.792,76.805,8.187,NULL,171.948,79.904,91.826,160.026
2004-05-05,51.772,62.498,76.575,7.631,NULL,194.810,83.423,107.241,170.991
2004-05-12,48.580,55.337,75.804,7.969,NULL,183.558,81.328,101.691,163.194
2004-05-19,59.131,53.661,75.127,7.865,NULL,188.027,72.541,108.951,151.617
2004-05-26,61.309,64.964,71.167,7.578,NULL,199.270,87.086,128.955,157.402
2004-06-02,68.982,66.406,65.364,7.881,NULL,199.062,90.144,126.223,162.983
2004-06-09,68.637,82.894,43.783,8.040,NULL,196.366,76.730,114.066,159.031
2004-06-16,69.762,74.325,44.707,8.037,NULL,190.102,94.056,122.510,161.648
2004-06-23,66.648,69.732,44.485,8.092,NULL,183.682,88.113,114.904,156.892
2004-06-30,75.952,77.283,66.940,7.822,NULL,217.729,76.707,140.705,153.730
2004-07-07,73.605,74.410,67.094,7.730,NULL,211.923,75.176,131.274,155.824
2004-07-14,61.116,59.803,75.075,7.950,NULL,196.993,72.018,117.706,151.305
2004-07-21,70.979,70.312,73.369,8.010,NULL,210.617,72.605,136.625,146.597
2004-07-28,67.846,60.651,74.304,7.361,NULL,201.274,71.267,134.872,137.668
2004-08-04,65.261,64.549,62.970,7.486,NULL,190.304,78.896,125.300,143.900
2004-08-11,67.857,69.069,37.054,7.295,NULL,171.448,81.969,98.828,154.589
2004-08-18,65.245,57.691,39.945,7.309,NULL,159.066,84.341,83.453,159.954
2004-08-25,69.855,65.369,40.159,7.000,NULL,175.080,81.699,98.892,157.887
2004-09-01,61.334,62.199,45.446,8.023,NULL,171.084,88.879,103.460,156.504
2004-09-08,54.659,69.195,46.788,8.248,NULL,171.440,89.408,98.786,162.061
2004-09-15,51.658,66.365,48.275,8.037,NULL,166.851,92.693,95.938,163.606
2004-09-22,40.669,65.088,56.050,8.156,NULL,163.625,97.839,92.267,169.197
2004-09-29,42.218,62.629,76.532,7.672,NULL,183.562,95.758,114.585,164.735
2004-10-06,37.106,56.140,76.518,8.162,NULL,172.267,86.932,94.794,164.405
2004-10-13,33.749,59.706,59.195,7.847,NULL,156.750,100.777,82.034,175.493
2004-10-20,36.785,50.132,77.077,7.897,NULL,167.363,108.101,97.826,177.638
2004-11-03,55.117,71.669,77.020,8.148,NULL,208.451,82.528,121.113,169.866
2004-11-10,36.051,70.407,77.914,8.799,NULL,189.307,99.687,99.136,189.858
2004-11-17,27.320,55.969,77.798,8.748,NULL,167.279,116.504,88.478,195.306
2004-11-24,27.563,80.137,77.745,8.508,NULL,190.520,93.938,100.021,184.437
2004-12-01,27.162,85.619,77.900,8.331,NULL,196.344,101.057,101.153,196.248
2004-12-08,24.540,84.021,77.919,9.320,NULL,192.941,99.752,100.853,191.841
2004-12-15,25.478,90.310,77.860,8.970,NULL,200.462,102.472,98.985,203.949
2004-12-22,25.552,61.494,78.033,8.163,NULL,171.242,124.015,91.764,203.494
2004-12-29,22.278,30.892,77.893,7.889,NULL,134.285,138.748,92.903,180.130
2005-01-05,23.257,47.808,76.885,8.976,NULL,156.348,138.098,98.613,195.833
2005-01-12,23.131,51.128,78.018,9.029,NULL,160.831,125.639,88.168,198.302
2005-01-19,25.252,85.360,77.995,9.408,NULL,197.804,117.975,114.803,200.976
2005-01-26,26.772,101.736,78.007,10.047,NULL,216.513,113.770,122.646,207.637
2005-02-02,26.764,100.459,77.892,10.033,NULL,215.093,124.049,134.924,204.218
2005-02-09,25.313,90.228,77.857,10.156,NULL,203.138,125.415,130.654,197.899
2005-02-16,31.527,96.247,77.946,10.080,NULL,214.337,112.892,125.573,201.656
2005-02-23,28.889,97.122,77.913,10.545,NULL,213.282,129.011,135.908,206.385
2005-03-02,27.986,104.662,77.412,9.745,NULL,218.214,134.659,145.121,207.752
2005-03-09,24.399,77.110,77.621,9.744,NULL,187.065,134.839,127.375,194.529
2005-03-16,24.287,38.159,77.471,9.297,NULL,145.163,158.199,117.965,185.397
2005-03-23,38.416,48.369,77.307,9.383,NULL,169.560,116.292,112.112,173.740
2005-03-30,42.462,44.223,49.574,8.693,NULL,141.144,143.458,115.551,169.051
2005-04-06,38.352,56.508,49.578,8.936,NULL,149.923,144.511,125.277,169.157
2005-04-13,37.450,48.714,49.148,9.672,NULL,140.832,143.644,116.272,168.204
2005-04-20,41.954,47.744,49.145,9.244,NULL,144.976,150.904,118.149,177.731
2005-04-27,43.684,42.881,48.595,8.349,NULL,138.893,147.224,117.928,168.189
2005-05-04,64.138,53.179,48.430,7.871,NULL,165.283,102.492,118.275,149.500
2005-05-11,47.371,48.095,47.697,8.031,NULL,148.526,119.081,110.307,157.299
2005-05-18,54.906,65.200,44.660,8.232,NULL,168.586,104.688,113.985,159.288
2005-05-25,65.711,56.248,26.097,7.860,NULL,149.451,109.208,109.018,149.642
2005-06-01,70.071,68.745,25.951,8.149,NULL,163.143,105.636,113.979,154.801
2005-06-08,64.791,64.029,26.008,8.141,NULL,158.955,103.901,108.801,154.055
2005-06-15,66.059,65.705,25.843,8.179,NULL,157.408,106.878,108.524,155.761
2005-06-22,67.454,80.154,24.830,8.374,NULL,172.267,104.712,120.067,156.912
2005-06-29,69.918,78.722,23.277,8.131,NULL,170.333,106.303,116.879,159.757
2005-07-06,66.845,64.582,40.325,8.012,NULL,170.762,97.546,115.629,152.679
2005-07-13,58.991,64.960,40.397,7.788,NULL,163.104,106.289,112.231,157.162
2005-07-20,63.409,48.872,47.640,7.932,NULL,154.918,102.394,103.435,153.877
2005-07-27,61.406,47.111,47.381,8.223,NULL,153.692,101.396,107.469,147.618
2005-08-03,70.495,56.097,39.824,7.783,NULL,162.275,88.379,111.993,138.662
2005-08-10,53.504,51.462,32.196,7.921,NULL,138.029,101.011,90.759,148.280
2005-08-17,50.362,38.863,32.078,7.751,NULL,120.705,114.814,84.570,150.950
2005-08-24,57.346,60.061,32.165,8.088,NULL,150.617,101.328,96.525,155.421
2005-08-31,59.445,57.407,50.209,8.052,NULL,165.752,95.920,98.743,162.928
2005-09-07,52.581,62.872,67.204,7.748,NULL,182.198,86.755,109.292,159.660
2005-09-14,51.904,55.679,76.626,7.747,NULL,184.150,96.955,121.768,159.336
2005-09-21,42.595,48.510,76.472,8.246,NULL,168.963,100.973,105.656,164.279
2005-09-28,37.137,55.417,76.936,8.104,NULL,172.582,103.790,111.820,164.552
2005-10-05,44.626,56.319,77.384,7.957,NULL,179.555,113.789,128.323,165.021
2005-10-12,34.258,49.097,77.275,8.201,NULL,162.979,116.537,115.392,164.123
2005-10-19,29.613,49.558,77.805,9.028,NULL,160.444,127.439,110.022,177.861
2005-10-26,27.237,28.702,77.376,8.295,NULL,134.830,151.114,111.002,174.942
2005-11-02,27.465,48.453,77.619,8.851,NULL,157.102,129.807,109.147,177.762
2005-11-09,24.955,63.197,77.977,8.754,NULL,169.958,124.855,115.575,179.238
2005-11-16,23.443,71.526,77.940,8.891,NULL,176.583,150.343,130.740,196.187
2005-11-23,24.619,84.750,77.100,9.019,NULL,190.895,118.275,100.520,208.651
2005-11-30,22.698,71.887,78.067,9.362,NULL,176.558,161.736,127.848,210.446
2005-12-07,23.240,65.347,78.238,9.382,NULL,170.253,155.968,108.966,217.255
2005-12-14,22.426,68.119,78.201,10.103,NULL,173.367,172.465,124.978,220.855
2005-12-21,22.399,59.485,78.343,9.817,NULL,164.153,177.222,127.510,213.865
2005-12-28,19.064,37.991,78.344,9.176,NULL,140.717,181.377,107.756,214.337
2006-01-04,23.159,44.805,78.378,9.522,NULL,151.293,127.729,78.677,200.344
2006-01-11,21.635,61.536,78.531,10.084,NULL,167.987,134.921,88.044,214.864
2006-01-18,22.068,50.490,78.206,10.188,NULL,156.625,134.666,78.444,212.847
2006-01-25,20.546,68.844,78.299,10.207,NULL,174.029,134.714,93.725,215.018
2006-02-01,20.687,68.243,78.406,10.691,NULL,172.456,148.400,110.343,210.513
2006-02-08,18.856,61.836,78.180,10.783,NULL,166.053,143.127,96.276,212.904
2006-02-15,19.399,58.684,78.071,10.560,NULL,162.748,136.313,90.965,208.096
2006-02-22,24.484,70.046,78.345,11.180,NULL,181.270,150.685,139.190,192.765
2006-03-01,22.572,72.260,78.325,10.213,NULL,180.863,173.680,144.701,209.843
2006-03-08,28.385,55.122,78.402,9.943,NULL,169.125,144.483,105.368,208.241
2006-03-15,28.809,57.407,78.337,10.199,NULL,170.923,166.638,133.361,204.201
2006-03-22,28.420,40.788,76.869,10.045,NULL,154.430,133.909,99.469,188.871
2006-03-29,38.034,33.338,77.858,8.978,NULL,157.009,137.995,111.882,183.123
2006-04-05,40.708,40.297,78.142,8.897,NULL,165.193,135.574,109.981,190.786
2006-04-12,39.303,39.822,77.689,8.819,NULL,162.894,140.884,110.873,192.904
2006-04-19,43.848,26.973,77.617,8.349,NULL,152.212,133.535,113.750,171.997
2006-04-26,54.014,44.939,77.415,8.316,NULL,179.803,111.304,132.843,158.265
2006-05-03,50.724,33.225,77.516,8.199,NULL,164.530,117.031,116.132,165.428
2006-05-10,55.483,50.747,77.267,8.032,NULL,187.564,108.379,124.743,171.201
2006-05-17,69.541,54.489,76.316,8.600,NULL,198.825,107.841,142.927,163.739
2006-05-24,66.659,59.334,76.307,8.311,NULL,203.948,97.554,144.788,156.714
2006-05-31,64.483,65.836,75.272,8.692,NULL,209.921,99.286,137.794,171.413
2006-06-07,54.214,43.838,53.831,8.415,NULL,156.237,120.580,111.102,165.715
2006-06-14,66.054,65.541,43.501,8.446,NULL,172.200,118.030,124.491,165.740
2006-06-21,74.920,70.263,42.587,8.328,NULL,184.366,106.130,121.470,169.026
2006-06-28,75.664,61.117,65.101,8.409,NULL,198.124,100.760,133.355,165.529
2006-07-05,70.314,62.881,65.227,8.241,NULL,194.299,110.761,135.244,169.816
2006-07-12,66.978,76.355,71.751,8.406,NULL,215.575,98.169,144.306,169.438
2006-07-19,63.837,75.051,72.048,9.060,NULL,210.039,104.840,152.844,162.035
2006-07-26,61.938,82.878,68.359,9.011,NULL,213.492,110.701,165.650,158.542
2006-08-02,60.685,46.209,47.718,8.231,NULL,151.069,115.311,121.231,145.149
2006-08-09,58.699,43.032,48.627,8.711,NULL,150.647,109.580,108.299,151.929
2006-08-16,54.800,50.090,31.927,8.870,NULL,137.689,125.393,102.911,160.170
2006-08-23,54.675,54.136,54.580,9.269,NULL,167.990,114.370,116.493,165.866
2006-08-30,56.079,47.789,75.196,9.581,NULL,181.555,113.898,120.383,175.070
2006-09-06,57.075,58.232,68.850,8.974,NULL,185.000,109.741,123.141,171.599
2006-09-13,48.305,58.387,75.907,8.727,NULL,187.448,112.996,129.163,171.280
2006-09-20,57.755,69.840,76.528,8.851,NULL,207.579,114.220,152.937,168.861
2006-09-27,52.019,65.599,76.687,8.504,NULL,197.468,118.603,145.654,170.417
2006-10-04,58.564,62.149,77.213,8.518,NULL,200.063,113.921,145.927,168.057
2006-10-11,42.149,56.696,77.156,8.054,NULL,180.572,120.396,128.229,172.740
2006-10-18,34.589,68.661,77.061,8.194,NULL,184.574,116.889,123.825,177.638
2006-10-25,35.489,72.488,77.089,8.660,NULL,190.084,117.078,131.109,176.053
2006-11-01,27.360,27.351,77.442,10.927,NULL,135.442,130.756,106.123,160.075
2006-11-08,25.620,62.187,77.675,11.052,NULL,172.682,135.434,117.420,190.697
2006-11-15,29.305,56.735,77.572,8.946,NULL,168.130,128.927,111.824,185.232
2006-11-22,31.079,64.788,77.761,9.348,NULL,177.373,144.168,128.425,193.115
2006-11-29,27.510,66.548,77.849,9.376,NULL,178.753,145.316,129.455,194.613
2006-12-06,33.014,68.398,77.635,9.393,NULL,184.091,132.641,118.923,197.809
2006-12-13,31.219,57.064,78.087,9.342,NULL,174.016,143.500,111.585,205.930
2006-12-20,29.702,74.710,78.181,8.812,NULL,188.165,148.484,127.207,209.443
2006-12-27,23.479,52.349,78.121,8.933,NULL,159.396,125.799,103.293,181.902
2007-01-03,36.537,46.522,77.899,8.773,NULL,165.714,141.573,108.990,198.298
2007-01-10,35.865,44.149,77.862,9.005,NULL,161.918,142.967,110.089,194.797
2007-01-17,31.728,49.767,77.719,9.768,NULL,165.951,145.034,113.643,197.342
2007-01-24,33.657,73.658,78.144,10.047,NULL,192.596,160.586,140.793,212.389
2007-01-31,29.170,63.167,78.022,10.094,NULL,176.975,145.596,110.932,211.640
2007-02-07,29.903,81.401,77.834,10.438,NULL,195.455,156.317,147.062,204.711
2007-02-14,32.252,67.518,78.042,9.924,NULL,185.180,142.469,129.398,198.250
2007-02-21,30.474,62.376,77.808,9.795,NULL,177.527,148.719,129.132,197.114
2007-02-28,34.880,50.088,77.888,9.941,NULL,168.285,157.055,129.865,195.475
2007-03-07,38.597,73.760,49.968,9.374,NULL,171.004,143.122,124.452,189.674
2007-03-14,33.632,43.960,76.791,9.660,NULL,161.220,148.341,121.831,187.730
2007-03-21,35.283,66.091,78.012,8.901,NULL,187.093,164.655,150.370,201.378
2007-03-28,32.446,44.622,77.661,8.941,NULL,160.458,165.065,137.668,187.854
2007-04-04,40.834,58.902,77.624,9.252,NULL,184.766,142.000,132.068,194.699
2007-04-11,38.477,47.303,77.118,9.178,NULL,168.337,134.589,134.255,168.670
2007-04-18,50.754,34.582,77.052,9.196,NULL,166.179,137.680,136.777,167.083
2007-04-25,53.218,41.754,76.646,9.115,NULL,175.984,130.240,139.286,166.938
2007-05-02,54.466,43.596,76.676,8.434,NULL,179.789,120.555,135.385,164.959
2007-05-09,54.576,28.236,76.755,8.748,NULL,162.861,120.939,113.859,169.941
2007-05-16,61.922,56.913,76.559,8.857,NULL,199.258,109.954,142.604,166.607
2007-05-23,70.807,70.748,74.890,8.591,NULL,218.370,105.290,152.894,170.766
2007-05-30,69.412,61.012,76.302,8.483,NULL,211.358,105.459,145.239,171.578
2007-06-06,71.486,70.604,53.123,9.217,NULL,198.317,104.434,130.006,172.745
2007-06-13,80.268,81.485,52.449,9.104,NULL,213.932,108.797,147.103,175.626
2007-06-20,78.309,94.973,51.804,8.961,NULL,226.543,103.618,154.480,175.681
2007-06-27,78.369,84.475,65.387,8.735,NULL,229.892,102.676,164.687,167.881
2007-07-04,76.358,93.215,68.150,9.117,NULL,239.630,97.941,164.727,172.843
2007-07-11,76.671,96.143,76.954,9.073,NULL,255.135,107.603,193.988,168.750
2007-07-18,77.669,87.285,73.852,9.950,NULL,242.504,101.057,180.209,163.352
2007-07-25,73.872,80.370,74.981,9.410,NULL,231.767,104.160,185.122,150.805
2007-08-01,65.333,62.646,73.778,8.666,NULL,206.069,100.601,180.090,126.581
2007-08-08,71.515,82.559,40.370,8.226,NULL,194.956,107.215,144.739,157.432
2007-08-15,68.482,66.460,31.708,7.617,NULL,165.151,124.995,130.729,159.417
2007-08-22,62.001,83.498,35.511,7.891,NULL,185.196,109.446,125.519,169.122
2007-08-29,75.058,82.992,59.149,8.015,NULL,216.760,105.886,144.602,178.044
2007-09-05,60.760,79.365,64.299,8.511,NULL,208.825,102.448,140.842,170.431
2007-09-12,52.906,70.944,75.958,8.535,NULL,204.887,108.416,140.446,172.858
2007-09-19,57.682,67.743,77.222,8.114,NULL,205.642,105.748,137.149,174.241
2007-09-26,49.924,81.974,77.165,8.344,NULL,213.060,109.413,142.468,180.005
2007-10-03,40.989,38.848,76.663,8.326,NULL,162.177,128.911,118.277,172.812
2007-10-10,47.577,72.409,77.218,8.557,NULL,205.343,104.713,148.324,161.732
2007-10-17,39.308,66.099,77.125,8.161,NULL,186.709,119.932,125.450,181.193
2007-10-24,33.255,88.472,77.702,8.569,NULL,205.527,128.041,148.143,185.424
2007-10-31,29.869,58.894,77.500,9.328,NULL,170.894,135.524,124.917,181.500
2007-11-07,28.355,69.102,77.743,9.782,NULL,181.984,114.095,93.040,203.039
2007-11-14,31.438,91.242,78.077,9.512,NULL,208.768,118.384,115.746,211.407
2007-11-21,31.456,53.287,77.947,9.326,NULL,166.185,103.623,75.597,194.211
2007-11-28,32.178,65.596,78.035,10.050,NULL,183.298,101.982,75.654,209.625
2008-01-02,22.811,43.146,77.857,8.675,NULL,146.669,132.405,100.172,178.902
2008-01-09,31.544,59.405,78.056,9.085,NULL,174.775,132.957,96.667,211.065
2008-01-16,29.095,56.672,77.733,8.816,NULL,167.739,139.994,103.984,203.750
2008-01-23,29.462,60.058,78.031,9.326,NULL,173.909,138.131,107.589,204.452
2008-01-30,26.296,64.952,77.863,9.525,NULL,174.640,143.006,114.136,203.512
2008-02-06,25.548,63.273,77.572,9.280,NULL,172.299,143.739,112.939,203.100
2008-02-13,24.926,65.158,77.542,9.205,NULL,173.429,160.336,129.295,204.470
2008-02-20,24.141,67.399,77.454,11.432,NULL,176.610,156.063,129.308,203.365
2008-02-27,27.692,52.493,77.394,9.383,NULL,161.183,137.666,108.357,190.492
2008-03-05,31.598,68.530,78.010,9.106,NULL,184.772,147.358,129.381,202.748
2008-03-12,33.813,45.184,77.421,8.841,NULL,160.382,137.266,102.600,195.047
2008-03-19,32.775,47.485,78.286,9.558,NULL,165.017,152.043,122.838,194.223
2008-03-26,31.063,64.097,77.764,9.129,NULL,179.935,134.031,114.484,199.482
2008-04-02,31.837,47.318,77.613,9.551,NULL,162.556,144.542,116.131,190.966
2008-04-09,34.820,58.285,77.710,9.061,NULL,176.951,143.518,120.422,200.046
2008-04-16,38.546,45.572,77.697,11.019,NULL,168.059,135.527,115.752,187.834
2008-04-23,41.780,40.890,79.376,8.825,NULL,166.451,139.153,116.097,189.508
2008-04-30,50.416,40.908,77.151,8.881,NULL,170.266,133.867,132.339,171.794
2008-05-07,58.998,54.037,76.262,8.846,NULL,193.213,115.256,139.368,169.101
2008-05-14,59.951,63.894,75.844,8.400,NULL,202.347,118.948,142.821,178.474
2008-05-21,61.351,58.415,74.975,8.101,NULL,197.730,132.453,162.482,167.701
2008-05-28,66.183,81.037,73.753,8.294,NULL,215.118,132.219,175.701,171.635
2008-06-04,72.991,85.812,53.681,9.090,NULL,213.156,120.063,165.041,168.178
2008-06-11,74.134,85.780,45.048,8.297,NULL,203.300,131.844,157.287,177.858
2008-06-18,67.740,69.984,44.585,9.241,NULL,184.465,119.985,137.740,166.711
2008-06-25,77.974,91.061,42.377,11.465,NULL,212.837,109.255,147.462,174.631
2008-07-02,76.751,86.487,65.235,8.265,NULL,226.121,119.402,174.883,170.641
2008-07-09,70.285,71.869,76.008,8.360,NULL,218.441,112.900,169.736,161.606
2008-07-16,74.895,77.445,75.308,8.733,NULL,226.036,112.355,177.990,160.401
2008-07-23,65.581,72.470,75.346,8.871,NULL,217.116,105.881,170.204,152.794
2008-07-30,65.526,75.443,72.665,8.812,NULL,215.590,124.647,185.320,154.917
2008-08-06,63.774,71.070,48.607,8.831,NULL,183.542,126.422,151.904,158.059
2008-08-13,73.773,57.890,31.497,9.818,NULL,159.259,128.303,126.763,160.797
2008-08-20,68.035,78.597,31.721,10.145,NULL,180.193,126.173,139.180,167.185
2008-08-27,56.295,80.392,35.964,8.937,NULL,175.984,134.117,141.290,168.811
2008-09-03,55.316,85.782,67.451,8.630,NULL,210.791,123.161,166.932,167.019
2008-09-10,63.652,114.226,75.932,8.399,NULL,254.908,119.349,201.137,173.119
2008-09-17,59.404,106.184,77.736,8.642,NULL,249.409,139.300,216.533,172.177
2008-09-24,45.077,85.728,77.658,9.735,NULL,215.025,149.442,178.271,186.197
2008-10-01,35.547,64.958,77.264,9.318,NULL,181.440,131.183,136.045,176.579
2008-10-08,36.616,70.329,77.118,9.103,NULL,187.764,148.682,161.828,174.619
2008-10-15,33.929,51.898,77.516,8.428,NULL,165.672,140.149,129.268,176.554
2008-10-22,34.608,64.683,77.455,8.727,NULL,179.847,144.590,141.405,183.032
2008-10-29,39.132,70.855,78.314,8.811,NULL,191.225,145.826,135.728,201.325
2008-11-05,46.367,68.790,77.834,9.026,NULL,194.324,145.195,156.776,182.743
2008-11-12,36.164,61.770,69.951,8.977,NULL,172.751,130.111,122.270,180.593
2008-11-19,30.032,59.462,78.049,9.368,NULL,172.556,134.399,109.233,197.722
2008-11-26,32.133,67.475,78.549,9.250,NULL,184.587,147.669,123.927,208.329
2008-12-03,29.087,64.012,78.273,9.273,NULL,176.238,150.206,119.962,206.481
2008-12-10,31.862,81.038,78.280,11.130,NULL,197.995,138.861,123.489,213.367
2008-12-17,31.663,64.048,78.125,9.637,NULL,177.952,165.873,129.346,214.478
2008-12-24,28.590,30.613,78.496,8.767,NULL,141.588,152.460,122.773,171.276
2008-12-31,23.381,28.124,78.223,9.089,NULL,132.468,186.853,138.540,180.782
2009-01-07,26.881,79.432,78.388,9.707,NULL,192.507,150.330,124.763,218.073
2009-01-14,23.945,72.537,78.249,9.531,NULL,182.352,155.055,128.998,208.409
2009-01-21,29.000,52.454,78.280,10.745,NULL,165.598,150.247,107.803,208.041
2009-01-28,29.390,58.181,78.615,9.667,NULL,172.591,170.111,128.760,213.943
2009-02-04,23.623,67.526,78.120,10.073,NULL,173.442,143.495,106.884,210.054
2009-02-11,26.606,59.102,77.997,9.680,NULL,169.611,148.804,120.211,198.204
2009-02-18,25.013,55.142,78.156,9.417,NULL,163.769,170.426,126.135,208.060
2009-02-25,22.737,59.668,78.202,9.350,NULL,166.427,164.506,128.318,202.616
2009-03-04,28.517,62.594,78.094,8.910,NULL,173.006,137.604,110.283,200.327
2009-03-11,28.191,51.788,78.120,9.050,NULL,163.688,143.663,101.019,206.332
2009-03-18,33.866,53.627,77.884,8.924,NULL,168.826,140.338,117.134,192.030
2009-03-25,34.031,70.054,77.447,8.925,NULL,187.448,127.237,111.866,202.820
2009-04-01,35.955,46.648,77.909,9.036,NULL,166.537,133.696,111.141,189.092
2009-04-08,49.077,51.917,77.285,9.063,NULL,183.267,118.316,136.965,164.618
2009-04-15,50.721,49.648,77.535,9.092,NULL,180.653,118.926,142.039,157.539
2009-04-22,49.516,49.561,77.362,8.774,NULL,182.765,117.867,136.558,164.074
2009-04-29,51.484,77.078,77.672,8.721,NULL,212.800,125.678,162.167,176.311
2009-05-06,48.795,55.441,77.104,8.544,NULL,185.633,128.075,145.775,167.933
2009-05-13,63.572,69.698,76.516,8.336,NULL,212.050,109.412,159.872,161.590
2009-05-20,65.833,69.582,76.295,8.809,NULL,212.654,106.644,163.314,155.985
2009-05-27,69.575,86.584,75.531,8.482,NULL,227.751,101.573,169.491,159.833
2009-06-03,69.464,59.721,75.295,8.538,NULL,203.520,127.266,183.670,147.116
2009-06-10,62.955,83.107,53.551,8.468,NULL,202.142,134.879,180.004,157.017
2009-06-17,78.385,82.492,53.048,8.216,NULL,210.758,97.978,146.244,162.491
2009-06-24,69.054,82.848,43.848,8.335,NULL,199.886,116.933,151.656,165.163
2009-07-01,74.941,86.452,65.999,8.578,NULL,229.044,137.303,205.952,160.396
2009-07-08,73.698,79.907,76.288,9.251,NULL,231.560,127.223,198.448,160.334
2009-07-15,71.678,83.777,75.033,8.517,NULL,229.577,118.427,183.860,164.144
2009-07-22,72.595,88.369,72.106,8.381,NULL,233.449,121.226,203.402,151.273
2009-07-29,78.758,80.227,73.589,8.134,NULL,232.541,123.268,216.746,139.062
2009-08-05,68.144,80.801,64.919,8.166,NULL,214.555,118.654,188.542,144.666
2009-08-12,71.564,79.752,31.310,8.421,NULL,182.677,109.962,139.451,153.189
2009-08-19,62.193,78.948,31.382,8.065,NULL,173.688,124.398,134.772,163.314
2009-08-26,62.450,77.513,31.596,8.282,NULL,170.365,127.967,134.389,163.943
2009-09-02,56.894,71.540,53.237,8.261,NULL,180.969,131.698,146.585,166.082
2009-09-09,45.485,67.319,64.143,8.520,NULL,179.090,139.949,155.329,163.710
2009-09-16,36.459,50.604,73.202,8.479,NULL,162.814,141.230,130.943,173.101
2009-09-23,36.462,48.298,76.520,8.811,NULL,164.622,140.649,135.706,169.565
2009-09-30,43.209,64.861,77.183,8.969,NULL,190.226,126.760,155.535,161.451
2009-10-07,37.674,45.469,76.978,8.398,NULL,160.654,156.383,144.347,172.690
2009-10-14,28.913,52.496,77.881,8.225,NULL,164.108,155.143,141.465,177.786
2009-10-21,26.275,66.685,77.968,8.399,NULL,175.284,148.523,142.477,181.330
2009-10-27,53.558,67.032,77.272,7.856,NULL,199.933,87.229,114.705,172.458
2009-10-28,27.096,56.719,77.901,9.560,NULL,166.945,164.735,145.813,185.866
2009-11-04,31.042,35.887,74.518,8.573,NULL,142.950,170.551,125.573,187.928
2009-11-11,27.122,35.056,75.835,9.052,NULL,142.392,173.492,121.346,194.538
2009-11-18,35.873,33.563,77.738,8.940,NULL,152.272,159.356,127.192,184.437
2009-11-25,32.336,37.080,77.767,9.460,NULL,152.156,153.571,119.847,185.881
2009-12-02,30.393,45.677,78.113,10.000,NULL,159.471,171.979,126.535,204.915
2009-12-09,36.313,40.940,78.326,9.279,NULL,159.081,173.107,129.695,202.494
2009-12-16,31.676,69.568,78.388,9.473,NULL,185.962,180.993,152.816,214.139
2009-12-23,31.197,35.655,78.217,8.457,NULL,146.798,177.209,132.498,191.510
2009-12-30,34.805,32.512,78.102,8.448,NULL,148.231,170.768,146.958,172.041
2010-01-06,43.006,63.272,77.976,9.509,NULL,190.018,173.753,140.572,223.200
2010-01-13,28.208,71.498,78.292,10.910,NULL,184.066,199.255,161.624,221.697
2010-01-20,25.542,69.275,78.293,8.770,NULL,177.856,186.721,152.400,212.178
2010-01-27,24.893,100.965,78.434,9.372,NULL,212.398,190.061,179.514,222.945
2010-02-03,23.300,74.146,78.127,9.846,NULL,181.000,207.647,176.402,212.245
2010-02-10,25.832,85.737,78.688,9.844,NULL,197.425,194.963,175.400,216.987
2010-02-17,23.118,78.225,78.182,9.860,NULL,186.002,196.032,168.015,214.018
2010-02-24,25.658,56.916,77.893,9.183,NULL,167.123,195.256,161.906,200.472
2010-03-03,29.928,61.936,78.150,8.549,NULL,174.673,192.830,164.778,202.725
2010-03-10,27.216,90.867,78.128,8.970,NULL,202.952,192.380,180.238,215.094
2010-03-17,22.838,47.434,77.850,8.250,NULL,152.834,205.122,156.894,201.060
2010-03-24,34.363,31.522,77.620,8.555,NULL,148.159,192.234,154.434,185.960
2010-03-31,35.560,50.452,77.998,8.376,NULL,170.338,190.684,176.095,184.928
2010-04-07,31.495,42.162,77.653,10.334,NULL,159.971,187.844,168.714,179.101
2010-04-14,31.268,45.442,77.766,10.027,NULL,161.765,180.363,152.727,189.402
2010-04-21,31.076,38.311,77.386,9.826,NULL,153.310,179.376,156.985,175.702
2010-04-28,44.972,49.891,77.046,10.035,NULL,179.587,162.207,175.399,166.394
2010-05-05,56.830,75.337,77.433,9.859,NULL,215.480,177.566,201.759,191.286
2010-05-12,56.713,58.132,77.291,9.236,NULL,195.720,174.303,195.659,174.364
2010-05-19,44.918,43.550,76.937,9.718,NULL,170.452,171.112,168.482,173.081
2010-05-26,62.015,57.263,67.191,9.925,NULL,190.442,176.863,204.557,162.748
2010-06-02,65.756,62.091,45.348,15.401,NULL,181.600,161.182,158.435,184.347
2010-06-09,76.168,89.376,44.220,13.395,NULL,208.516,153.910,189.693,172.734
2010-06-16,77.688,86.314,45.000,8.702,NULL,207.184,156.347,192.670,170.863
2010-06-23,73.663,68.007,63.956,10.694,NULL,206.463,153.300,188.033,171.731
2010-06-30,74.084,73.484,66.859,10.884,NULL,214.826,152.419,206.144,161.102
2010-07-07,71.824,79.553,67.110,10.553,NULL,219.305,175.192,227.749,166.747
2010-07-14,71.285,68.981,64.185,12.074,NULL,205.972,182.653,216.667,171.958
2010-07-21,64.556,74.974,72.811,11.500,NULL,215.244,166.419,216.658,165.006
2010-07-28,60.840,63.993,74.602,11.049,NULL,205.096,167.645,218.737,154.004
2010-08-04,65.028,58.832,49.090,10.521,NULL,175.884,156.311,171.707,160.487
2010-08-11,63.760,67.318,49.039,11.132,NULL,183.172,154.093,175.049,162.216
2010-08-18,66.804,66.970,31.482,9.222,NULL,167.197,151.755,157.817,161.135
2010-08-25,68.853,69.287,32.069,10.257,NULL,172.166,165.577,167.752,169.992
2010-09-01,57.110,61.098,32.106,9.855,NULL,154.528,187.976,172.323,170.181
2010-09-08,61.477,72.003,33.632,9.887,NULL,170.591,191.053,186.778,174.867
2010-09-15,50.957,65.467,36.604,10.806,NULL,158.186,191.915,174.020,176.082
2010-09-22,51.293,53.551,66.582,12.285,NULL,179.816,181.035,181.830,179.021
2010-09-29,45.787,55.950,78.136,10.679,NULL,187.558,189.753,197.253,180.057
2010-10-06,48.311,39.908,78.290,9.745,NULL,171.461,177.939,177.080,172.321
2010-10-13,38.988,57.410,78.281,9.718,NULL,179.729,189.368,187.451,181.645
2010-10-20,35.683,80.532,78.718,9.184,NULL,201.655,230.729,240.135,192.249
2010-10-27,35.805,72.124,78.653,9.852,NULL,191.975,209.849,209.431,192.392
2010-11-03,39.364,51.283,76.056,11.238,NULL,173.180,190.863,169.160,194.884
2010-11-10,32.113,57.370,78.723,11.210,NULL,174.030,203.510,180.381,197.160
2010-11-17,40.917,57.431,79.126,11.128,NULL,184.106,202.551,185.800,200.856
2010-11-24,34.326,75.466,79.046,10.372,NULL,195.497,209.179,196.540,208.136
2010-12-01,31.577,103.027,79.023,9.558,NULL,220.317,243.784,229.713,234.388
2010-12-08,38.723,68.395,79.148,10.062,NULL,190.165,250.558,241.828,198.895
2010-12-15,34.912,107.899,78.862,9.890,NULL,229.114,242.904,242.877,229.141
2010-12-22,32.718,47.495,78.938,9.707,NULL,162.968,250.256,206.213,207.011
2010-12-29,25.682,34.445,78.797,10.086,NULL,142.481,252.761,206.681,188.561
2011-01-05,26.737,58.127,77.827,11.237,NULL,169.587,214.946,167.410,217.122
2011-01-12,31.197,51.839,78.944,10.388,NULL,167.112,226.542,185.611,208.041
2011-01-19,31.288,68.669,78.901,10.184,NULL,186.234,225.054,199.034,212.255
2011-01-26,26.408,68.449,78.722,11.136,NULL,181.686,238.004,194.706,224.983
2011-02-02,23.349,71.981,78.754,11.663,NULL,181.400,235.649,191.704,225.344
2011-02-09,22.534,65.023,78.645,10.793,NULL,169.220,239.967,204.831,204.355
2011-02-16,23.395,72.148,78.669,11.266,NULL,182.166,250.655,220.571,212.250
2011-02-23,21.493,59.799,78.312,10.841,NULL,167.402,271.157,222.718,215.840
2011-03-02,22.754,59.121,78.623,10.472,NULL,168.235,251.270,207.660,211.845
2011-03-09,22.828,64.045,78.490,10.515,NULL,174.250,260.889,228.552,206.587
2011-03-16,25.361,49.421,78.542,10.489,NULL,157.519,244.095,203.079,198.535
2011-03-23,23.976,36.421,78.286,10.172,NULL,145.458,252.949,206.396,192.011
2011-03-30,24.463,43.390,78.312,10.367,NULL,152.191,255.931,219.854,188.267
2011-04-06,38.800,34.000,78.000,10.100,NULL,158.100,249.665,236.526,171.239
2011-04-13,44.000,34.100,78.400,10.200,NULL,164.400,251.810,238.044,178.166
2011-04-20,33.841,44.784,77.923,10.513,NULL,163.850,242.004,229.474,176.380
2011-04-27,37.596,46.845,78.065,10.298,NULL,170.911,239.327,238.419,171.819
2011-05-04,34.346,42.404,78.286,9.582,NULL,162.199,219.687,209.120,172.766
2011-05-11,45.326,49.533,77.127,10.465,NULL,178.314,196.038,201.783,172.568
2011-05-18,48.917,48.604,77.498,10.001,NULL,180.404,218.008,228.398,170.013
2011-05-25,49.966,59.881,76.536,8.917,NULL,188.730,218.006,236.780,169.957
2011-06-01,58.462,50.910,54.826,8.836,NULL,165.870,201.694,225.582,141.983
2011-06-08,59.669,60.732,45.569,8.844,NULL,168.607,218.319,218.011,168.915
2011-06-15,54.154,61.216,44.950,8.473,NULL,163.191,224.709,224.868,163.032
2011-06-22,64.654,61.915,53.286,8.385,NULL,177.308,211.571,218.965,169.913
2011-06-29,55.879,63.256,51.804,9.921,NULL,169.584,215.383,222.331,162.636
2011-07-06,69.329,45.318,63.880,9.797,NULL,178.423,233.129,230.445,181.106
2011-07-13,69.506,65.120,67.591,9.619,NULL,198.160,222.588,252.742,168.007
2011-07-20,71.339,82.449,68.089,9.993,NULL,225.040,215.440,282.614,157.865
2011-07-27,60.075,60.841,67.143,10.065,NULL,193.412,210.144,246.856,156.700
2011-08-03,61.682,63.178,51.200,9.438,NULL,176.043,207.837,230.717,153.162
2011-08-10,56.842,50.236,40.640,9.503,NULL,148.928,215.097,211.572,152.453
2011-08-17,59.377,60.416,31.599,9.388,NULL,152.011,230.543,219.057,163.497
2011-08-24,58.952,73.859,31.370,8.876,NULL,162.072,230.924,225.600,167.396
2011-08-31,49.299,55.264,49.367,9.413,NULL,157.368,218.859,207.426,168.801
2011-09-07,55.109,77.529,59.999,9.473,NULL,195.008,230.024,245.768,179.264
2011-09-14,49.749,78.550,60.252,9.161,NULL,191.780,229.570,248.304,173.047
2011-09-21,47.966,58.999,60.645,9.285,NULL,172.822,237.683,242.150,168.354
2011-09-28,43.688,73.380,68.288,9.782,NULL,190.806,230.021,249.146,171.683
2011-10-05,37.621,58.661,77.207,10.122,NULL,178.772,241.473,251.279,168.965
2011-10-12,59.129,77.445,63.210,9.206,NULL,206.029,241.101,280.044,167.087
2011-10-19,43.515,68.625,78.714,9.199,NULL,197.471,261.433,271.876,187.029
2011-10-26,31.074,52.247,78.649,9.889,NULL,170.374,265.070,245.714,189.729
2011-11-02,26.566,65.799,78.801,9.724,NULL,178.460,243.786,237.357,184.890
2011-11-09,30.277,69.425,78.706,10.161,NULL,186.175,255.193,247.335,194.033
2011-11-16,24.095,77.622,78.884,10.156,NULL,188.273,250.292,237.810,200.755
2011-11-23,24.185,69.886,78.929,10.162,NULL,180.132,254.767,228.018,206.882
2011-11-30,22.637,68.713,78.792,9.928,NULL,178.421,257.478,228.619,207.281
2011-12-07,29.438,54.671,78.674,10.334,NULL,169.679,330.746,291.669,208.756
2011-12-14,28.860,67.628,78.748,9.965,NULL,181.292,318.733,297.052,202.974
2011-12-21,29.833,61.076,79.021,10.220,NULL,176.726,327.858,293.653,210.930
2011-12-28,28.029,44.827,78.938,10.290,NULL,157.843,323.083,297.499,183.428
2012-01-04,34.303,34.990,78.982,10.519,NULL,152.576,216.263,175.241,193.599
2012-01-11,33.684,62.071,78.965,11.041,NULL,183.723,236.287,210.113,209.896
2012-01-18,29.800,76.813,78.819,11.063,NULL,195.406,242.650,220.575,217.482
2012-01-25,33.228,75.212,79.024,11.409,NULL,197.014,246.465,230.729,212.749
2012-02-01,30.619,90.614,78.929,11.158,NULL,208.944,265.601,250.528,224.018
2012-02-08,30.853,114.894,74.812,11.541,NULL,229.838,254.467,238.651,245.654
2012-02-15,25.788,80.914,78.692,12.006,NULL,195.836,273.144,242.541,226.440
2012-02-22,23.444,61.133,78.763,10.155,NULL,172.283,273.961,231.994,214.250
2012-02-29,33.920,38.635,78.607,10.680,NULL,157.649,270.792,224.926,203.515
2012-03-07,34.997,42.384,78.824,17.829,NULL,171.435,285.858,251.837,205.456
2012-03-14,29.760,39.309,78.613,10.854,NULL,154.688,274.182,238.129,190.741
2012-03-21,32.142,35.978,78.590,16.988,NULL,161.020,278.113,247.221,191.912
2012-03-28,39.090,31.501,69.634,11.518,NULL,148.397,276.363,248.612,176.149
2012-04-04,44.285,53.364,69.890,9.866,NULL,174.742,258.988,253.263,180.467
2012-04-11,42.110,51.841,70.104,10.677,NULL,171.897,247.241,235.313,183.826
2012-04-18,39.422,47.542,78.838,9.554,NULL,172.076,251.174,235.563,187.688
2012-04-25,35.247,27.122,78.804,9.336,NULL,146.485,238.489,209.852,175.122
2012-05-02,64.506,44.279,78.340,10.443,NULL,192.743,220.952,240.152,173.542
2012-05-09,60.019,60.311,78.000,10.071,NULL,204.775,208.183,243.658,169.301
2012-05-16,67.882,62.050,78.145,12.123,NULL,217.772,215.896,260.077,173.591
2012-05-23,69.204,67.490,69.021,11.171,NULL,212.767,209.476,249.502,172.740
2012-05-30,67.286,73.862,68.499,13.108,NULL,216.326,210.643,255.779,171.190
2012-06-06,74.141,83.363,45.804,10.217,NULL,205.820,216.591,248.150,174.262
2012-06-13,69.183,83.161,45.980,10.243,NULL,203.122,203.797,240.301,166.617
2012-06-20,75.212,91.392,44.390,10.520,NULL,212.381,189.456,233.188,168.649
2012-06-27,77.943,90.187,63.377,9.886,NULL,233.753,187.316,254.818,166.250
2012-07-04,78.713,100.487,67.033,10.029,NULL,250.029,194.102,272.864,171.266
2012-07-11,70.999,90.238,67.651,10.724,NULL,231.431,193.360,251.890,172.900
2012-07-18,67.569,83.230,75.734,11.373,NULL,233.301,187.611,256.229,164.683
2012-07-25,65.576,100.147,74.671,10.188,NULL,244.278,191.688,276.693,159.272
2012-08-01,60.044,54.170,74.354,11.965,NULL,193.443,190.943,254.520,129.866
2012-08-08,63.597,81.388,40.246,12.014,NULL,191.912,191.052,233.464,149.501
2012-08-15,49.754,53.844,39.845,11.392,NULL,146.587,195.172,181.988,159.772
2012-08-22,57.175,87.036,39.587,11.582,NULL,187.073,192.862,207.966,171.968
2012-08-29,56.148,94.841,31.667,10.995,NULL,187.235,198.309,215.872,169.672
2012-09-05,57.359,79.980,36.750,9.630,NULL,178.640,218.742,234.546,162.835
2012-09-12,58.082,75.865,40.824,10.446,NULL,179.929,217.781,229.230,168.480
2012-09-19,49.766,55.395,48.606,9.873,NULL,159.028,225.327,212.786,171.569
2012-09-26,53.647,82.890,49.736,9.757,NULL,192.527,221.472,240.352,173.647
2012-10-03,43.997,76.048,49.795,12.631,NULL,179.378,229.990,233.990,175.378
2012-10-10,59.673,81.103,49.745,9.334,NULL,196.818,224.077,240.081,180.813
2012-10-17,48.869,73.566,49.954,8.872,NULL,178.931,244.400,247.929,175.402
2012-10-24,39.928,61.864,49.960,10.286,NULL,158.568,255.883,225.423,189.027
2012-10-31,39.192,52.447,72.614,9.646,NULL,170.834,239.687,217.375,193.145
2012-11-07,42.786,49.563,79.389,11.840,NULL,180.625,249.153,237.385,192.394
2012-11-14,42.837,69.694,79.227,11.558,NULL,199.618,245.006,251.986,192.638
2012-11-21,38.057,57.061,75.785,11.688,NULL,179.819,260.143,239.703,200.259
2012-11-28,37.959,82.158,79.185,12.444,NULL,208.443,248.607,252.351,204.700
2012-12-05,37.806,64.489,79.498,12.206,NULL,190.236,250.115,226.496,213.854
2012-12-12,36.217,101.188,79.344,9.494,NULL,224.731,227.318,220.201,231.849
2012-12-19,37.960,70.137,79.069,11.589,NULL,195.661,250.966,233.752,212.876
2012-12-26,38.663,31.775,78.937,9.781,NULL,148.563,206.513,183.848,171.229
2013-01-02,34.702,44.062,79.190,10.044,NULL,162.958,91.878,77.954,176.883
2013-01-09,34.643,88.291,79.333,12.983,NULL,214.162,104.531,112.075,206.617
2013-01-16,32.044,99.640,79.254,11.996,NULL,221.506,97.280,100.478,218.309
2013-01-23,28.999,87.289,77.247,13.091,NULL,203.577,99.484,88.864,214.197
2013-01-30,36.610,67.302,78.689,13.016,NULL,192.436,115.016,96.092,211.360
2013-02-06,35.865,75.588,79.406,12.438,NULL,200.812,117.198,103.914,214.095
2013-02-13,33.164,90.834,79.377,12.417,NULL,214.245,105.099,97.743,221.600
2013-02-20,29.983,78.702,79.037,12.472,NULL,198.645,113.200,97.434,214.411
2013-02-27,28.180,86.724,70.799,12.110,NULL,195.694,117.650,106.166,207.177
2013-03-06,27.607,54.888,78.727,11.199,NULL,170.577,123.731,90.446,203.863
2013-03-13,33.854,73.243,77.342,12.443,NULL,196.453,125.284,112.245,209.492
2013-03-20,27.624,52.551,78.917,12.338,NULL,171.247,122.792,92.878,201.161
2013-03-27,26.980,41.281,79.132,11.171,NULL,158.268,142.249,99.388,201.128
2013-04-03,30.958,26.462,79.048,12.143,NULL,146.190,117.967,68.694,195.465
2013-04-10,31.154,23.816,78.801,11.842,NULL,141.890,119.160,71.172,189.877
2013-04-17,53.563,32.956,77.915,11.010,NULL,171.197,104.885,109.073,167.011
2013-04-24,55.120,37.356,77.150,11.019,NULL,179.537,97.414,108.199,168.752
2013-05-01,68.358,61.530,76.683,10.008,NULL,209.321,72.455,113.788,167.988
2013-05-08,67.624,66.282,54.726,10.861,NULL,195.791,87.972,121.669,162.093
2013-05-15,65.046,68.024,54.757,10.818,NULL,196.019,87.269,116.484,166.804
2013-05-22,59.525,67.086,54.983,10.397,NULL,189.522,98.184,112.408,175.298
2013-05-29,58.836,70.107,46.106,10.504,NULL,183.374,92.471,99.437,176.408
2013-06-05,62.702,49.009,45.997,10.909,NULL,165.560,93.778,92.974,166.364
2013-06-12,64.993,60.202,54.414,9.352,NULL,183.470,85.317,106.339,162.447
2013-06-19,79.696,83.221,51.255,9.758,NULL,215.571,84.533,130.774,169.330
2013-06-26,68.868,62.176,54.776,9.803,NULL,189.210,79.083,106.300,161.993
2013-07-03,68.845,81.578,54.209,10.188,NULL,209.267,78.954,121.939,166.282
2013-07-10,75.333,72.560,53.346,10.166,NULL,203.234,75.722,111.436,167.518
2013-07-17,72.200,74.215,53.543,10.139,NULL,202.750,84.516,126.645,160.622
2013-07-24,71.134,86.327,68.591,9.880,NULL,229.622,70.602,145.558,154.665
2013-07-31,74.518,66.868,74.658,9.804,NULL,216.135,79.107,148.615,146.627
2013-08-07,71.090,70.566,76.766,9.630,NULL,223.582,77.815,144.788,156.609
2013-08-14,61.367,69.015,45.178,10.285,NULL,179.394,77.308,97.298,159.404
2013-08-21,59.320,77.186,36.534,9.775,NULL,175.782,82.307,94.581,163.509
2013-08-28,62.748,79.005,60.181,9.489,NULL,208.325,91.599,132.573,167.351
2013-09-04,50.624,80.949,32.047,9.378,NULL,167.305,89.371,88.821,167.855
2013-09-11,52.691,61.187,40.919,9.538,NULL,156.278,83.031,77.821,161.488
2013-09-18,60.605,65.910,44.065,9.459,NULL,174.992,81.323,82.847,173.467
2013-09-25,49.496,72.620,50.130,9.479,NULL,177.940,81.250,88.336,170.854
2013-10-02,46.693,42.465,79.015,9.662,NULL,173.558,90.799,91.175,173.182
2013-10-09,48.601,47.829,78.906,9.836,NULL,180.271,89.596,93.363,176.504
2013-10-16,52.598,51.132,79.294,9.950,NULL,189.637,87.576,101.114,176.099
2013-10-23,49.123,65.634,78.965,10.237,NULL,195.589,86.848,101.360,181.077
2013-10-30,49.679,69.595,79.611,10.078,NULL,205.537,91.020,113.854,182.703
2013-11-06,48.856,59.723,79.349,9.991,NULL,194.808,97.742,103.354,189.196
2013-11-13,44.055,61.484,80.026,10.102,NULL,192.109,102.549,93.341,201.317
2013-11-20,40.812,75.433,79.318,14.599,NULL,207.433,115.804,113.794,209.442
2013-11-27,35.259,101.415,80.170,15.553,NULL,231.523,102.873,106.608,227.788
2013-12-04,34.043,94.255,80.027,9.886,NULL,216.246,101.725,97.672,220.300
2013-12-11,32.329,107.043,80.064,11.062,NULL,229.816,102.113,107.497,224.431
2013-12-18,28.851,82.481,79.993,10.106,NULL,200.932,116.259,96.887,220.304
2013-12-25,27.818,21.257,79.886,10.308,NULL,127.886,82.315,56.540,153.661
2014-01-01,28.647,20.783,80.137,10.241,NULL,127.463,95.075,61.419,161.121
2014-01-08,32.601,52.339,79.744,10.156,NULL,173.632,122.779,98.646,197.766
2014-01-15,35.057,59.102,80.029,9.933,NULL,183.192,118.201,94.463,206.930
2014-01-22,34.526,57.638,79.872,10.647,NULL,180.118,121.379,93.395,208.101
2014-01-29,28.472,76.662,80.133,9.852,NULL,194.591,115.358,95.864,214.085
2014-02-05,33.558,76.271,79.808,10.840,NULL,197.714,119.586,104.723,212.576
2014-02-12,32.304,65.349,79.859,11.110,NULL,185.248,111.815,92.575,204.489
2014-02-19,31.073,71.934,79.853,10.762,NULL,190.984,109.432,93.934,206.482
2014-02-26,36.745,75.227,79.717,10.862,NULL,200.588,101.181,99.013,202.756
2014-03-05,27.545,75.088,79.738,10.566,NULL,192.459,110.750,100.887,202.321
2014-03-12,28.901,61.083,79.563,11.041,NULL,178.327,115.210,104.834,188.703
2014-03-19,34.805,48.282,79.228,10.812,NULL,169.191,105.925,98.530,176.586
2014-03-26,36.870,94.140,79.899,10.562,NULL,221.280,89.426,113.974,196.732
2014-04-02,36.132,63.351,70.454,10.227,NULL,178.132,107.483,108.188,177.426
2014-04-09,44.542,63.741,70.681,10.591,NULL,186.639,100.900,112.575,174.964
2014-04-16,42.055,69.376,78.856,10.522,NULL,200.335,93.394,119.660,174.069
2014-04-23,37.791,62.749,78.946,10.577,NULL,189.200,83.576,106.499,166.277
2014-04-30,49.402,49.589,79.430,10.617,NULL,187.075,78.801,90.243,175.632
2014-05-07,55.406,66.038,79.163,10.178,NULL,209.057,90.107,125.177,173.988
2014-05-14,54.111,58.043,79.539,10.535,NULL,199.581,99.083,122.104,176.559
2014-05-21,54.544,72.358,78.386,10.092,NULL,213.082,92.635,142.599,163.118
2014-05-28,66.063,82.478,79.007,9.920,NULL,232.036,96.591,164.054,164.572
2014-06-04,62.419,77.826,73.451,9.937,NULL,220.694,92.548,145.666,167.577
2014-06-11,67.188,85.508,53.505,9.930,NULL,207.637,89.380,129.046,167.971
2014-06-18,60.206,67.811,45.797,10.123,NULL,179.075,96.111,111.139,164.048
2014-06-25,71.792,86.007,45.771,10.608,NULL,207.127,84.071,125.656,165.542
2014-07-02,67.306,74.706,50.600,10.493,NULL,197.389,91.406,119.521,169.274
2014-07-09,74.170,73.443,70.690,10.653,NULL,221.847,90.694,147.167,165.374
2014-07-16,73.832,80.218,75.963,10.980,NULL,237.470,80.394,161.208,156.657
2014-07-23,76.985,66.159,76.898,10.543,NULL,222.064,92.390,159.087,155.366
2014-07-30,76.750,76.649,77.041,10.657,NULL,231.798,78.882,161.685,148.994
2014-08-06,70.025,65.367,76.499,10.571,NULL,215.935,85.423,156.359,144.998
2014-08-13,75.544,92.737,32.358,10.399,NULL,203.073,88.924,131.995,160.003
2014-08-20,61.280,69.373,32.427,10.182,NULL,167.185,91.697,99.243,159.639
2014-08-27,67.445,57.801,40.299,9.511,NULL,167.104,97.427,97.328,167.203
2014-09-03,64.260,59.522,41.072,9.449,NULL,168.065,105.145,105.162,168.048
2014-09-10,58.621,62.962,49.723,9.392,NULL,175.358,93.825,94.314,174.868
2014-09-17,49.825,58.498,77.936,10.143,NULL,190.894,108.058,126.236,172.716
2014-09-24,47.232,60.014,78.924,10.076,NULL,192.332,93.292,116.297,169.328
2014-10-01,41.641,74.218,78.074,10.890,NULL,201.274,97.303,129.749,168.829
2014-10-08,39.441,38.951,78.285,10.676,NULL,164.277,91.608,84.264,171.621
2014-10-15,48.576,61.760,78.394,10.670,NULL,195.674,86.442,104.744,177.372
2014-10-22,45.631,67.946,79.097,10.497,NULL,200.743,84.647,101.338,184.053
2014-10-29,43.790,70.685,79.293,10.420,NULL,202.952,85.202,103.598,184.557
2014-11-05,44.985,90.940,79.705,10.314,NULL,223.641,87.246,116.640,194.247
2014-11-12,53.593,76.504,79.410,10.745,NULL,217.818,87.068,106.262,198.623
2014-11-19,46.848,96.313,79.693,10.803,NULL,232.034,90.033,129.793,192.274
2014-11-26,37.247,84.821,79.497,11.006,NULL,211.048,102.791,119.766,194.072
2014-12-03,37.990,115.601,79.866,13.510,NULL,246.365,92.437,133.912,204.890
2014-12-10,38.216,115.418,79.949,12.196,NULL,245.265,103.526,122.277,226.515
2014-12-17,31.543,74.154,79.734,10.820,NULL,195.480,118.531,109.508,204.502
2014-12-24,26.568,28.008,79.857,10.752,NULL,134.833,105.324,68.752,171.405
2014-12-31,27.279,49.032,79.931,10.689,NULL,166.055,109.049,89.939,185.166
2015-01-07,35.477,77.443,80.075,12.110,NULL,204.177,109.317,104.183,209.312
2015-01-14,35.677,73.029,79.724,11.583,NULL,199.857,111.987,105.246,206.598
2015-01-21,37.345,111.386,56.531,12.246,NULL,216.399,113.872,113.726,216.544
2015-01-28,31.974,78.534,80.126,11.026,NULL,200.645,116.835,101.772,215.708
2015-02-04,28.525,91.809,79.926,13.553,NULL,213.172,109.315,99.344,223.143
2015-02-11,26.820,95.072,79.827,13.077,NULL,212.889,105.888,101.015,217.761
2015-02-18,26.732,89.624,79.804,13.321,NULL,208.904,111.184,102.515,217.573
2015-02-25,28.603,77.027,79.786,13.939,NULL,197.724,117.564,108.030,207.257
2015-03-04,39.152,71.356,79.925,13.991,NULL,203.630,111.620,107.906,207.344
2015-03-11,33.687,46.147,79.559,12.221,NULL,169.786,126.632,105.491,190.926
2015-03-18,31.893,37.579,70.492,10.521,NULL,149.523,130.479,99.693,180.309
2015-03-25,33.973,62.260,70.733,11.756,NULL,177.439,109.542,97.707,189.274
2015-04-01,49.898,47.029,70.884,10.360,NULL,174.823,122.003,103.215,193.612
2015-04-08,39.102,50.337,64.966,11.312,NULL,165.549,120.298,101.414,184.433
2015-04-15,44.761,45.842,70.228,10.404,NULL,169.648,125.291,124.368,170.571
2015-04-22,45.747,42.787,70.257,10.713,NULL,166.790,118.075,119.792,165.073
2015-04-29,57.102,60.667,70.659,11.103,NULL,198.460,113.863,137.942,174.381
2015-05-06,66.358,77.154,70.288,11.119,NULL,218.727,110.651,162.700,166.678
2015-05-13,68.802,84.446,69.177,11.191,NULL,230.221,84.137,158.190,156.168
2015-05-20,75.055,89.870,70.487,10.680,NULL,241.229,81.000,148.735,173.494
2015-05-27,62.521,74.452,70.317,10.725,NULL,214.601,95.277,145.176,164.702
2015-06-03,71.196,79.135,69.074,10.795,NULL,224.382,91.936,153.986,162.332
2015-06-10,79.898,93.007,46.045,10.557,NULL,223.269,93.612,153.688,163.193
2015-06-17,79.642,77.982,45.887,10.928,NULL,207.351,100.825,141.048,167.128
2015-06-24,68.640,80.823,46.136,10.709,NULL,200.427,105.664,145.780,160.312
2015-07-01,74.561,95.350,44.190,11.125,NULL,218.697,103.630,159.400,162.927
2015-07-08,75.759,64.986,61.594,11.157,NULL,205.355,91.330,133.840,162.845
2015-07-15,68.554,92.853,67.848,11.214,NULL,234.944,84.560,153.190,166.314
2015-07-22,65.193,89.571,64.306,11.227,NULL,223.784,101.500,167.550,157.734
2015-07-29,64.278,43.177,69.029,11.121,NULL,177.519,96.290,122.420,151.389
2015-08-05,57.498,59.884,58.333,11.136,NULL,181.196,83.753,110.405,154.543
2015-08-12,60.891,70.695,31.186,11.029,NULL,167.076,97.673,98.839,165.910
2015-08-19,59.908,71.530,23.853,10.815,NULL,161.201,102.686,100.625,163.263
2015-08-26,58.052,53.741,23.676,10.376,NULL,139.232,117.914,91.924,165.222
2015-09-02,49.345,61.879,26.673,10.502,NULL,142.868,110.169,88.006,165.030
2015-09-09,41.477,47.794,32.688,10.022,NULL,127.021,116.006,77.762,165.265
2015-09-16,49.981,70.998,32.533,10.347,NULL,157.015,105.403,92.250,170.168
2015-09-23,50.700,99.139,61.696,10.812,NULL,218.589,107.357,149.286,176.660
2015-09-30,36.794,68.584,55.370,10.566,NULL,167.869,115.001,105.158,177.712
2015-10-07,41.484,73.791,61.253,12.173,NULL,184.024,119.020,127.320,175.725
2015-10-14,37.748,86.857,61.957,12.530,NULL,196.400,114.000,140.140,170.261
2015-10-21,31.782,83.547,32.914,12.506,NULL,159.287,116.230,88.510,187.007
2015-10-28,36.089,95.268,32.811,13.737,NULL,176.237,114.290,103.730,186.797
2015-11-04,31.852,83.450,61.291,13.900,NULL,189.239,117.700,116.169,190.770
2015-11-11,26.105,68.617,61.905,14.228,NULL,169.735,108.922,89.108,189.550
2015-11-18,24.493,59.170,61.308,14.436,NULL,158.392,100.459,77.082,181.768
2015-11-25,33.845,109.348,62.340,14.024,NULL,219.028,88.613,97.531,210.110
2015-12-02,34.387,98.347,62.092,12.273,NULL,206.917,94.061,99.786,201.193
2015-12-09,31.155,97.368,62.080,13.813,NULL,201.825,106.435,99.961,208.299
2015-12-16,26.695,79.405,61.930,13.827,NULL,179.644,106.543,81.091,205.096
2015-12-23,25.506,33.299,63.272,12.668,NULL,129.027,115.650,64.994,179.683
2015-12-30,20.477,24.492,71.118,12.283,NULL,121.724,108.001,53.737,175.987
2016-01-06,25.413,28.192,70.962,12.934,NULL,133.231,112.959,45.591,200.600
2016-01-13,33.113,44.158,71.069,12.881,NULL,158.654,127.495,74.036,212.113
2016-01-20,29.497,80.388,71.022,14.473,NULL,194.377,108.611,85.978,217.011
2016-01-27,27.856,61.887,70.823,14.177,NULL,173.199,118.303,87.739,203.763
2016-02-03,33.693,53.881,70.904,16.917,NULL,172.992,113.430,89.195,197.226
2016-02-10,32.622,49.087,71.062,16.550,NULL,167.237,127.850,90.205,204.883
2016-02-17,30.169,66.014,71.238,16.654,NULL,182.792,113.970,87.953,208.809
2016-02-24,35.673,46.718,71.185,16.099,NULL,168.019,132.900,95.021,205.898
2016-03-02,33.671,53.956,70.969,14.516,NULL,172.002,118.856,84.791,206.067
2016-03-09,32.676,55.224,71.128,14.903,NULL,172.783,125.200,92.730,205.254
2016-03-16,31.176,67.756,70.948,14.803,NULL,184.546,127.456,105.058,206.944
2016-03-23,29.723,46.060,70.853,14.828,NULL,158.420,135.682,98.158,195.944
2016-03-30,30.660,46.280,70.307,14.790,NULL,160.011,118.875,102.386,176.500
2016-04-06,49.131,40.901,70.449,13.107,NULL,167.413,116.593,109.572,174.436
2016-04-13,44.970,57.702,70.485,12.119,NULL,184.301,110.674,114.758,180.217
2016-04-20,50.069,54.126,70.459,12.009,NULL,183.468,108.293,120.866,170.895
2016-04-27,46.912,58.290,71.065,13.230,NULL,187.188,79.021,90.616,175.592
2016-05-04,48.042,56.477,70.676,12.305,NULL,186.597,53.175,66.421,173.350
2016-05-11,57.375,55.081,69.705,11.821,NULL,190.843,65.451,89.136,167.158
2016-05-18,53.904,64.524,70.256,12.042,NULL,199.228,67.879,101.248,165.860
2016-05-25,61.708,68.106,69.281,11.605,NULL,207.142,76.467,116.848,166.761
2016-06-01,70.003,82.490,69.376,11.589,NULL,228.218,62.460,124.511,166.168
2016-06-08,75.873,84.732,45.594,12.078,NULL,212.221,96.388,136.772,171.836
2016-06-15,74.948,86.330,45.755,11.755,NULL,214.608,87.271,140.373,161.506
2016-06-22,70.796,93.690,44.206,12.329,NULL,214.820,90.400,144.309,160.910
2016-06-29,75.268,71.806,64.240,12.222,NULL,213.346,56.390,105.530,164.206
2016-07-06,77.710,62.944,68.260,12.526,NULL,211.177,49.773,101.791,159.160
2016-07-13,78.888,74.812,68.022,12.295,NULL,226.267,37.522,103.272,160.518
2016-07-20,73.048,75.596,65.162,12.693,NULL,220.387,55.812,120.288,155.910
2016-07-27,70.432,64.925,65.146,12.742,NULL,205.474,61.785,119.128,148.130
2016-08-03,60.853,50.450,37.806,13.145,NULL,159.807,91.050,101.195,149.662
2016-08-10,65.571,51.140,31.793,12.721,NULL,152.634,93.851,101.105,145.379
2016-08-17,63.185,57.547,23.527,12.783,NULL,148.305,95.324,87.647,155.983
2016-08-24,59.890,53.740,31.488,12.532,NULL,151.026,76.012,64.065,162.975
2016-08-31,55.604,80.118,31.696,12.308,NULL,171.130,80.167,84.045,167.251
2016-09-07,60.532,67.634,31.960,12.743,NULL,165.774,70.317,76.632,159.458
2016-09-14,51.684,75.947,40.291,13.713,NULL,175.920,63.021,72.441,166.501
2016-09-21,46.077,69.419,40.980,15.061,NULL,167.370,81.985,80.821,168.535
2016-09-28,38.023,55.450,40.838,13.722,NULL,144.277,92.009,68.542,167.744
2016-10-05,29.331,40.734,41.167,13.366,NULL,120.948,117.528,64.478,173.998
2016-10-12,28.243,61.814,41.303,13.504,NULL,141.861,100.104,58.240,183.724
2016-10-19,28.600,67.322,41.241,14.676,NULL,145.991,79.393,43.265,182.119
2016-10-26,38.284,43.412,41.187,13.205,NULL,128.553,114.100,60.855,181.797
2016-11-02,28.794,35.650,41.266,14.719,NULL,114.878,111.902,42.175,184.606
2016-11-09,29.943,57.667,41.441,14.667,NULL,140.830,106.490,46.064,201.254
2016-11-16,30.358,35.379,41.437,14.129,NULL,120.610,129.809,52.184,198.236
2016-11-23,39.914,47.804,41.434,14.598,NULL,141.422,122.499,73.445,190.475
2016-11-30,29.635,94.592,41.425,14.573,NULL,177.524,89.395,59.138,207.781
2016-12-07,36.431,83.805,41.400,14.751,NULL,174.588,124.831,68.628,230.791
2016-12-14,26.946,96.553,41.273,14.899,NULL,177.997,100.583,76.142,202.437
2016-12-21,23.701,95.209,41.388,14.799,NULL,173.324,99.334,67.856,204.802
2016-12-28,26.955,51.771,41.462,13.453,NULL,127.010,125.526,53.168,199.368
2017-01-04,23.002,82.251,40.823,12.915,NULL,156.081,99.399,49.902,205.577
2017-01-11,22.045,101.833,41.374,14.363,NULL,177.166,124.780,82.666,219.281
2017-01-18,23.914,91.330,41.364,14.440,NULL,169.230,115.802,72.847,212.186
2017-01-25,23.716,116.200,41.447,13.844,NULL,191.185,97.144,51.582,236.748
2017-02-01,28.076,38.901,40.534,15.208,NULL,114.935,151.318,58.776,207.477
2017-02-08,24.746,49.820,41.302,15.363,NULL,126.559,155.158,69.072,212.645
2017-02-15,21.575,36.476,40.972,15.403,NULL,109.317,151.254,55.876,204.695
2017-02-22,24.968,34.051,57.315,16.034,NULL,125.749,128.512,71.754,182.507
2017-03-01,27.595,46.520,68.950,16.979,NULL,155.620,121.063,73.761,202.922
2017-03-08,30.553,45.396,69.094,16.279,NULL,157.632,121.356,75.043,203.945
2017-03-15,35.141,43.699,68.733,16.924,NULL,163.868,122.425,101.945,184.347
2017-03-22,40.793,52.774,69.039,15.690,NULL,176.743,125.933,111.962,190.714
2017-03-29,38.127,55.490,68.792,15.701,NULL,176.341,106.809,104.642,178.508
2017-04-05,35.726,34.100,68.613,13.697,NULL,150.738,91.981,76.283,166.435
2017-04-12,38.140,40.530,68.438,13.853,NULL,160.004,103.114,99.534,163.584
2017-04-19,38.560,58.459,69.010,13.814,NULL,179.404,94.136,89.432,184.108
2017-04-26,43.347,61.718,68.972,13.805,NULL,185.001,78.995,79.233,184.763
2017-05-03,40.632,56.810,68.601,14.285,NULL,178.793,79.737,81.157,177.372
2017-05-10,45.608,37.269,68.428,14.338,NULL,162.531,90.323,84.797,168.058
2017-05-17,58.449,55.429,67.588,13.992,NULL,191.223,53.867,85.694,159.397
2017-05-24,62.027,59.085,66.930,14.411,NULL,195.318,52.072,91.964,155.425
2017-05-31,68.403,72.121,65.936,14.161,NULL,210.631,59.838,110.231,160.237
2017-06-07,69.642,55.565,43.014,14.414,NULL,166.611,71.000,72.310,165.302
2017-06-14,70.611,90.926,42.153,14.270,NULL,211.871,54.579,101.580,164.870
2017-06-21,70.370,88.474,41.477,14.922,NULL,209.167,59.522,101.900,166.789
2017-06-28,76.761,90.780,41.987,14.645,NULL,215.884,73.016,121.660,167.240
2017-07-05,63.686,77.905,65.046,13.535,NULL,214.630,57.534,118.815,153.349
2017-07-12,64.832,74.802,65.533,13.718,NULL,209.312,66.820,117.495,158.638
2017-07-19,57.580,74.857,65.032,13.311,NULL,202.778,80.822,123.815,159.784
2017-07-26,66.337,59.197,68.459,13.702,NULL,199.764,57.828,104.564,153.027
2017-08-02,66.318,75.507,64.474,12.631,NULL,210.690,49.784,112.589,147.886
2017-08-09,67.415,89.728,65.284,13.538,NULL,224.736,41.820,110.198,156.358
2017-08-16,63.932,88.679,55.984,12.620,NULL,215.558,36.951,95.250,157.259
2017-08-23,56.550,66.071,47.562,12.516,NULL,176.648,65.572,78.641,163.579
2017-08-30,55.071,65.842,47.285,12.660,NULL,170.882,75.853,77.226,169.509
2017-09-06,56.803,57.719,48.642,13.289,NULL,169.525,75.826,75.172,170.179
2017-09-13,45.640,61.516,57.411,13.588,NULL,169.263,74.819,74.369,169.711
2017-09-20,41.761,49.361,32.788,13.085,NULL,131.138,109.814,71.070,169.882
2017-09-27,37.314,59.601,32.563,13.253,NULL,138.956,110.371,74.136,175.190
2017-10-04,49.791,45.508,41.162,13.303,NULL,145.212,111.603,83.199,173.616
2017-10-11,38.758,62.875,41.235,13.452,NULL,153.381,104.462,82.580,175.263
2017-10-18,40.625,58.808,41.135,13.591,NULL,149.304,118.981,92.857,175.428
2017-10-25,39.874,79.708,41.214,13.932,NULL,172.237,107.951,90.689,189.498
2017-11-01,28.862,25.138,41.472,13.928,NULL,104.733,139.333,57.856,186.209
2017-11-08,31.375,98.013,41.310,13.883,NULL,182.910,92.983,88.599,187.295
2017-11-15,38.021,88.300,41.289,13.802,NULL,177.647,132.585,108.515,201.718
2017-11-22,40.332,75.406,40.951,14.828,NULL,167.753,143.636,94.800,216.590
2017-11-29,33.111,102.166,41.368,14.972,NULL,190.553,129.765,117.100,203.219
2017-12-06,35.591,114.148,41.215,14.706,NULL,205.235,121.966,109.439,217.762
2017-12-13,37.840,112.779,41.189,14.879,NULL,206.349,156.832,142.290,220.891
2017-12-20,34.796,90.215,66.441,14.817,NULL,205.870,147.121,136.503,216.487
2017-12-27,28.752,25.924,66.497,14.368,NULL,126.640,142.307,79.673,189.274
2018-01-03,37.043,32.334,66.187,14.890,NULL,144.132,121.920,77.274,188.778
2018-01-10,40.680,46.043,66.547,15.057,NULL,162.979,132.709,98.567,197.122
2018-01-17,37.260,63.034,66.585,14.894,NULL,177.742,117.511,83.906,211.347
2018-01-24,38.871,51.352,66.653,13.649,NULL,167.629,116.744,88.131,196.241
2018-01-31,38.632,60.023,65.452,14.266,NULL,175.439,134.612,111.866,198.186
2018-02-07,35.654,110.299,66.722,15.883,NULL,226.794,112.582,121.429,217.947
2018-02-14,30.665,71.549,66.478,16.258,NULL,183.889,155.562,123.456,215.994
2018-02-21,36.597,63.550,66.650,16.444,NULL,180.722,144.017,110.209,214.529
2018-02-28,34.655,148.732,66.736,15.162,NULL,265.280,107.908,140.857,232.331
2018-03-07,29.548,55.181,61.425,15.165,NULL,157.547,137.980,84.630,210.897
2018-03-14,32.332,32.716,66.181,15.203,NULL,141.396,123.360,71.698,193.057
2018-03-21,30.473,41.595,74.479,15.004,NULL,156.753,134.410,71.945,219.218
2018-03-28,28.739,44.308,74.906,14.994,NULL,161.219,100.950,71.839,190.331
2018-04-04,35.491,38.252,74.993,16.248,NULL,157.805,92.503,69.830,180.478
2018-04-11,44.100,44.172,75.067,15.806,NULL,176.322,83.443,88.670,171.095
2018-04-18,47.936,33.773,74.619,16.219,NULL,161.208,84.890,91.150,154.948
2018-04-25,60.880,44.312,74.504,17.183,NULL,185.880,50.141,80.190,155.831
2018-05-02,64.812,80.488,75.053,15.629,NULL,223.185,34.371,97.071,160.486
2018-05-09,70.717,88.826,74.397,15.764,NULL,244.289,26.626,113.785,157.129
2018-05-16,74.163,73.882,74.831,15.322,NULL,232.869,38.454,101.754,169.569
2018-05-23,69.168,69.892,74.161,15.407,NULL,223.238,29.852,97.056,156.034
2018-05-30,73.112,103.677,73.361,15.093,NULL,254.691,22.034,121.128,155.597
2018-06-06,77.140,92.639,49.868,17.791,NULL,227.448,34.040,95.720,165.768
2018-06-13,80.028,102.332,50.385,17.762,NULL,241.987,28.550,100.630,169.906
2018-06-20,74.471,91.746,49.626,17.724,NULL,226.690,33.430,97.940,162.180
2018-06-27,67.450,77.838,62.080,18.161,NULL,220.668,33.990,92.930,161.728
2018-07-04,70.439,97.527,64.385,16.325,NULL,243.117,33.485,123.633,152.968
2018-07-11,63.218,89.920,73.038,16.126,NULL,236.978,43.374,114.508,165.843
2018-07-18,59.623,56.503,72.672,15.873,NULL,197.520,61.594,100.600,158.513
2018-07-25,65.740,87.333,71.780,15.818,NULL,235.529,36.330,114.536,157.323
2018-08-01,76.377,88.975,69.459,15.487,NULL,234.631,30.177,127.185,137.622
2018-08-08,57.578,74.247,67.836,15.342,NULL,196.451,49.367,86.591,159.226
2018-08-15,52.262,50.263,72.577,14.957,NULL,171.842,53.858,71.806,153.894
2018-08-22,53.636,83.417,63.614,15.207,NULL,208.299,41.385,84.404,165.279
2018-08-29,48.480,61.938,64.440,14.920,NULL,182.522,51.300,64.268,169.554
2018-09-05,48.526,73.196,64.662,15.911,NULL,197.723,48.750,76.323,170.150
2018-09-12,42.499,66.881,64.301,16.982,NULL,181.934,61.287,64.091,179.130
2018-09-19,42.605,72.325,48.899,16.918,NULL,172.365,80.498,73.019,179.844
2018-09-26,51.722,73.102,49.756,16.200,NULL,183.893,65.395,65.381,183.907
2018-10-03,36.204,61.999,49.781,14.505,NULL,160.779,104.084,92.367,172.496
2018-10-10,32.603,52.554,49.123,15.684,NULL,146.534,122.050,94.916,173.669
2018-10-17,26.829,58.980,49.528,16.641,NULL,149.082,127.652,104.894,171.839
2018-10-24,25.993,58.574,49.839,16.947,NULL,148.976,108.889,75.195,182.670
2018-10-31,34.372,72.435,49.722,15.858,NULL,169.629,92.786,75.493,186.922
2018-11-07,33.671,50.707,76.288,14.873,NULL,169.164,98.177,82.676,184.665
2018-11-14,27.799,49.716,76.464,14.858,NULL,162.893,103.896,77.709,189.079
2018-11-21,25.603,96.338,76.695,14.712,NULL,210.047,61.409,63.561,207.895
2018-11-28,23.239,52.436,76.374,15.049,NULL,161.726,123.556,66.489,218.794
2018-12-05,34.386,52.873,76.264,15.603,NULL,174.152,115.619,87.524,202.247
2018-12-12,37.216,116.062,76.844,15.605,NULL,243.498,65.971,94.128,215.340
2018-12-19,30.811,51.436,76.645,15.362,NULL,172.632,134.695,92.684,214.643
2018-12-26,39.172,30.797,76.934,12.760,NULL,151.508,108.359,89.001,170.866
2019-01-02,28.613,29.336,76.599,12.291,NULL,139.947,128.295,92.814,175.427
2019-01-09,30.203,73.247,76.598,14.674,NULL,192.308,118.761,94.298,216.769
2019-01-16,30.241,70.621,76.657,14.901,NULL,189.536,116.296,90.589,215.242
2019-01-23,32.129,141.094,76.754,14.583,NULL,263.222,65.587,101.764,227.044
2019-01-30,25.824,83.583,76.678,15.035,NULL,199.459,121.700,98.867,222.292
2019-02-06,26.342,75.559,76.754,17.432,NULL,193.221,120.155,87.030,226.345
2019-02-13,27.980,64.020,76.730,17.670,NULL,184.555,125.071,98.475,211.151
2019-02-20,27.300,65.467,76.572,17.567,NULL,185.347,105.294,95.349,195.293
2019-02-27,29.477,50.366,76.432,17.569,NULL,171.364,110.900,92.177,190.087
2019-03-06,30.447,38.351,76.573,16.595,NULL,157.804,107.020,68.900,195.923
2019-03-13,34.206,28.621,76.884,15.342,NULL,148.634,130.850,79.370,200.114
2019-03-20,36.148,54.078,77.346,15.338,NULL,182.118,94.040,87.500,188.658
2019-03-27,30.946,57.121,77.183,15.389,NULL,179.019,94.700,90.910,182.809
2019-04-03,37.882,86.951,76.998,14.422,NULL,212.121,73.304,108.566,176.858
2019-04-10,37.114,39.137,76.954,15.042,NULL,161.380,93.049,75.733,178.697
2019-04-17,34.134,47.613,76.706,14.897,NULL,171.307,88.930,86.146,174.092
2019-04-24,50.034,47.043,69.888,14.630,NULL,172.433,45.129,55.210,162.352
2019-05-01,39.188,20.991,77.019,17.037,NULL,140.497,56.975,24.520,172.953
2019-05-08,41.920,56.915,68.358,17.358,NULL,181.893,81.790,82.230,181.453
2019-05-15,45.082,45.828,58.935,16.559,NULL,158.423,101.861,83.470,176.814
2019-05-22,59.934,51.780,67.868,18.549,NULL,190.445,67.456,90.790,167.112
2019-05-29,69.268,68.561,67.555,16.509,NULL,215.425,54.004,97.100,172.330
2019-06-05,72.586,97.245,16.987,19.080,NULL,197.335,64.151,97.985,163.500
2019-06-12,70.967,109.903,25.440,20.364,NULL,217.653,48.459,104.512,161.599
2019-06-19,80.118,90.347,25.912,18.849,NULL,208.108,51.117,105.210,154.014
2019-06-26,80.109,110.732,47.492,19.480,NULL,250.597,37.389,125.868,162.117
2019-07-03,78.500,91.408,49.987,18.637,NULL,231.024,37.941,114.295,154.669
2019-07-10,74.279,96.312,77.804,18.673,NULL,259.384,33.373,139.811,152.945
2019-07-17,66.937,85.430,76.841,18.784,NULL,244.327,33.461,121.589,156.199
2019-07-24,69.724,124.571,70.309,19.917,NULL,279.581,36.695,157.323,158.952
2019-07-31,72.460,93.566,53.669,19.280,NULL,233.126,44.437,133.899,143.664
2019-08-07,66.984,85.672,53.618,17.846,NULL,208.983,52.606,114.054,147.536
2019-08-14,67.824,79.434,77.298,15.814,NULL,232.118,32.852,110.400,154.571
2019-08-21,74.567,107.123,69.346,15.644,NULL,260.307,25.824,135.067,151.065
2019-08-28,61.887,123.933,67.781,16.175,NULL,266.260,21.534,126.116,161.679
2019-09-04,55.086,71.018,69.256,16.047,NULL,204.390,48.931,98.199,155.121
2019-09-11,44.308,53.232,69.502,16.313,NULL,175.398,77.142,80.471,172.069
2019-09-18,45.034,44.364,69.334,16.006,NULL,166.354,96.033,93.730,168.658
2019-09-25,40.197,85.653,78.047,16.170,NULL,217.192,56.339,108.108,165.422
2019-10-02,40.567,37.670,78.299,15.888,NULL,166.289,105.052,102.953,168.389
2019-10-09,44.787,47.616,78.607,15.593,NULL,181.186,112.077,115.381,177.883
2019-10-16,49.821,59.642,78.686,15.858,NULL,196.165,102.102,116.612,181.655
2019-10-23,55.138,103.792,78.453,15.860,NULL,246.842,59.308,134.707,171.442
2019-10-30,50.300,88.586,79.158,15.680,NULL,222.962,63.101,112.486,173.575
2019-11-06,46.432,95.501,79.125,14.906,NULL,233.930,38.586,91.501,181.015
2019-11-13,38.723,80.342,79.456,16.392,NULL,211.715,105.411,121.154,195.973
2019-11-20,37.203,111.002,79.166,16.554,NULL,241.852,78.875,125.868,194.860
2019-11-27,34.274,54.147,78.833,16.802,NULL,178.183,123.419,89.852,211.750
2019-12-04,38.863,101.535,79.157,16.138,NULL,229.224,69.632,90.279,208.577
2019-12-11,41.408,112.245,78.867,16.293,NULL,240.868,90.128,120.310,210.685
2019-12-18,42.605,49.444,78.397,17.660,NULL,178.867,116.331,101.127,194.071
2019-12-25,41.295,20.216,70.585,14.758,NULL,137.266,70.830,51.931,156.165
2020-01-01,32.554,34.350,68.407,15.008,NULL,144.912,80.117,48.596,176.434
2020-01-08,31.478,84.153,70.921,16.317,NULL,201.226,114.350,113.277,202.298
2020-01-15,27.118,91.736,70.662,16.316,NULL,204.092,116.279,120.899,199.472
2020-01-22,30.591,139.974,71.042,16.506,NULL,257.843,64.130,106.445,215.528
2020-01-29,30.137,106.769,70.568,16.271,NULL,223.408,89.938,106.719,206.627
2020-02-05,43.652,79.114,70.838,17.992,NULL,207.299,96.733,97.966,206.067
2020-02-12,38.661,62.400,70.755,18.274,NULL,187.433,113.235,102.043,198.625
2020-02-19,37.580,73.583,70.807,18.076,NULL,195.766,107.757,105.061,198.461
2020-02-26,36.717,92.494,70.786,17.939,NULL,214.623,78.190,89.910,202.903
2020-03-04,38.222,99.749,70.780,18.892,NULL,225.249,80.816,114.784,191.281
2020-03-11,42.743,63.046,70.618,17.718,NULL,191.459,108.680,104.801,195.338
2020-03-18,40.513,56.925,70.283,17.708,NULL,182.498,89.084,103.593,167.989
2020-03-25,36.881,64.244,70.835,16.110,NULL,186.590,65.291,80.098,171.783
2020-04-01,35.159,66.635,68.197,17.432,NULL,186.561,49.131,56.358,179.333
2020-04-08,38.387,59.922,67.935,16.811,NULL,172.011,46.417,89.543,128.884
2020-04-15,42.006,45.476,67.888,16.812,NULL,168.995,52.504,74.176,147.321
2020-04-22,56.360,41.403,60.762,16.919,NULL,165.706,67.711,84.589,148.827
2020-04-29,60.754,61.152,61.463,17.031,NULL,194.985,55.310,99.189,151.106
2020-05-06,62.371,51.535,61.338,17.547,NULL,189.133,53.387,87.086,155.433
2020-05-13,68.030,88.285,60.944,18.248,NULL,231.134,39.470,104.457,166.147
2020-05-20,68.499,85.755,59.188,17.730,NULL,226.004,36.414,116.713,145.705
2020-05-27,60.172,65.924,68.064,17.345,NULL,208.559,37.334,97.922,147.972
2020-06-03,60.655,108.654,66.471,17.973,NULL,251.625,24.917,123.550,152.992
2020-06-10,67.414,100.675,43.165,17.682,NULL,223.814,42.418,98.500,167.732
2020-06-17,69.853,82.597,42.412,17.832,NULL,209.636,35.798,89.696,155.739
2020-06-24,63.741,94.286,58.897,18.256,NULL,229.482,28.012,102.338,155.156
2020-07-01,75.483,103.584,40.085,18.741,NULL,230.529,36.245,118.207,148.567
2020-07-08,67.683,117.000,40.529,19.272,NULL,240.597,29.376,126.824,143.148
2020-07-15,65.490,117.149,40.481,17.915,NULL,231.059,32.913,109.816,154.156
2020-07-22,66.404,91.455,40.309,20.131,NULL,209.069,52.293,109.913,151.449
2020-07-29,64.086,92.944,38.758,19.439,NULL,209.151,48.481,110.629,147.005
2020-08-05,62.656,55.028,47.344,17.031,NULL,170.982,65.097,74.196,161.882
2020-08-12,55.683,72.976,34.038,18.126,NULL,168.259,44.091,68.705,143.646
2020-08-19,59.175,68.815,67.283,17.886,NULL,210.786,20.851,76.838,154.798
2020-08-26,45.016,46.237,68.011,18.036,NULL,169.737,66.092,74.101,161.727
2020-09-02,64.857,98.357,69.320,19.252,NULL,247.471,27.806,118.639,156.638
2020-09-09,53.045,63.447,69.051,18.105,NULL,199.740,48.753,88.506,159.986
2020-09-16,47.507,77.145,67.154,19.288,NULL,208.800,38.962,89.382,158.380
2020-09-23,45.885,61.627,68.708,19.113,NULL,190.651,39.436,62.593,167.494
2020-09-30,50.172,79.704,69.799,17.532,NULL,214.693,40.878,86.013,169.557
2020-10-07,56.579,75.367,69.968,15.318,NULL,210.031,64.506,97.642,176.896
2020-10-14,40.961,73.063,70.353,15.486,NULL,188.705,91.559,110.703,169.561
2020-10-21,34.369,50.898,69.849,15.373,NULL,167.705,106.038,91.737,182.007
2020-10-28,44.218,54.306,69.784,15.324,NULL,179.227,94.368,94.198,179.396
2020-11-04,43.569,80.406,70.035,15.152,NULL,206.394,93.573,119.777,180.190
2020-11-11,35.578,92.728,69.980,15.017,NULL,211.240,80.486,109.096,182.632
2020-11-18,32.108,50.174,70.247,16.375,NULL,165.024,111.958,88.535,188.447
2020-11-25,29.124,109.612,70.482,16.081,NULL,223.308,109.914,116.768,216.455
2020-12-02,30.572,120.714,70.486,13.973,NULL,232.725,58.316,78.015,213.026
2020-12-09,31.101,117.002,56.176,14.808,NULL,214.823,61.883,58.074,218.633
2020-12-16,32.969,86.537,52.726,15.393,NULL,185.140,105.091,88.141,202.089
2020-12-23,32.768,52.402,70.025,15.381,NULL,164.387,112.558,93.471,183.475
2020-12-30,44.040,54.454,70.288,12.890,NULL,175.385,129.532,88.149,216.766
2021-01-06,25.875,85.778,70.551,13.019,NULL,192.491,93.040,73.416,212.115
2021-01-13,27.776,115.158,70.378,13.257,NULL,224.394,89.914,103.265,211.044
2021-01-20,28.434,70.945,70.604,12.429,NULL,179.162,125.891,93.567,211.487
2021-01-27,31.829,106.130,70.844,13.174,NULL,219.950,93.764,93.727,219.987
2021-02-03,37.067,83.128,70.035,15.768,NULL,202.068,113.040,95.372,219.737
2021-02-10,37.801,109.508,69.612,16.866,NULL,232.038,51.106,69.584,213.559
2021-02-17,34.875,57.636,69.145,15.911,NULL,174.959,123.347,102.048,196.257
2021-02-24,33.223,47.709,69.003,15.920,NULL,164.040,109.213,89.384,183.868
2021-03-03,43.822,84.033,69.183,17.426,NULL,214.385,72.679,112.620,174.444
2021-03-10,36.232,75.650,70.479,17.325,NULL,198.644,75.535,83.582,190.597
2021-03-17,33.047,64.644,70.658,17.476,NULL,185.745,105.424,85.447,205.721
2021-03-24,28.761,47.877,70.369,17.610,NULL,160.218,95.257,72.548,182.926
2021-03-31,39.688,54.596,69.745,17.949,NULL,180.063,73.866,82.897,171.032
2021-04-07,36.953,67.461,70.859,20.140,NULL,195.159,51.187,58.581,187.766
2021-04-14,32.134,35.948,70.584,19.888,NULL,154.119,87.574,53.791,187.902
2021-04-21,29.609,36.851,70.086,19.901,NULL,155.306,83.823,63.216,175.913
2021-04-28,44.596,44.314,69.315,19.501,NULL,174.612,83.899,84.679,173.832
2021-05-05,43.829,68.870,70.161,19.888,NULL,196.933,71.600,74.809,193.723
2021-05-12,67.790,78.317,60.970,18.751,NULL,221.121,28.965,85.532,164.554
2021-05-19,56.483,65.261,61.057,18.743,NULL,198.463,44.197,76.542,166.118
2021-05-26,53.692,59.443,16.104,18.997,NULL,144.338,70.871,49.369,165.840
2021-06-02,67.207,47.485,43.424,20.703,NULL,174.382,61.405,55.213,180.574
2021-06-09,78.208,84.458,17.336,21.292,NULL,196.310,53.535,90.620,159.225
2021-06-16,79.179,93.227,17.129,21.483,NULL,205.657,51.287,99.000,157.945
2021-06-23,78.645,96.356,16.788,21.746,NULL,207.253,44.691,101.153,150.790
2021-06-30,76.813,101.288,39.321,21.364,NULL,233.545,39.021,112.756,159.810
2021-07-07,72.662,85.551,40.670,14.406,NULL,206.316,62.241,115.540,153.016
2021-07-14,72.693,107.026,40.760,13.846,NULL,229.082,50.572,123.923,155.732
2021-07-21,74.728,82.535,40.537,13.954,NULL,206.588,51.562,117.585,140.565
2021-07-28,75.602,85.977,40.507,13.972,NULL,208.621,52.647,112.631,148.637
2021-08-04,70.395,116.046,40.819,19.274,NULL,243.673,35.555,132.655,146.574
2021-08-11,72.695,112.901,31.977,19.444,NULL,233.086,30.439,120.513,143.011
2021-08-18,66.261,51.942,32.272,19.091,NULL,161.934,61.032,67.030,155.937
2021-08-25,59.564,69.096,32.291,19.317,NULL,176.102,83.437,97.476,162.063
2021-09-01,48.089,62.081,32.003,17.779,NULL,154.955,76.334,74.933,156.356
2021-09-08,46.148,69.400,31.902,17.557,NULL,160.709,81.908,81.659,160.958
2021-09-15,48.717,97.619,39.574,17.394,NULL,198.679,63.536,88.730,173.487
2021-09-22,47.050,58.384,40.910,17.615,NULL,159.785,75.373,63.372,171.785
2021-09-29,38.472,38.025,40.628,17.832,NULL,129.732,105.540,62.607,172.666
2021-10-06,43.335,56.847,40.750,16.563,NULL,149.964,89.807,75.707,164.063
2021-10-13,33.881,55.099,40.994,16.990,NULL,144.217,103.697,61.825,186.089
2021-10-20,26.593,50.797,40.783,17.376,NULL,134.543,123.856,81.888,176.509
2021-10-27,28.605,49.975,40.992,16.661,NULL,133.914,116.889,62.197,188.607
2021-11-03,28.520,68.026,41.464,14.280,NULL,147.455,104.258,57.717,193.997
2021-11-10,29.261,70.004,40.893,14.189,NULL,152.469,87.033,66.782,172.720
2021-11-17,26.138,81.038,41.346,13.996,NULL,158.906,120.655,76.014,203.547
2021-11-24,26.356,104.486,41.377,14.090,NULL,183.000,88.967,58.678,213.290
2021-12-01,29.811,73.608,40.687,8.292,NULL,148.521,133.429,69.159,212.791
2021-12-08,37.326,56.477,71.149,8.241,NULL,171.209,100.612,42.948,228.871
2021-12-15,38.779,85.243,71.258,9.954,NULL,201.923,77.706,66.015,213.615
2021-12-22,33.874,83.245,65.619,8.069,NULL,188.145,77.935,81.728,184.353
2021-12-29,57.130,32.681,71.014,8.279,NULL,163.422,117.116,88.549,191.989
2022-01-05,37.816,46.173,71.285,14.996,4.846,165.424,108.082,78.267,195.239
2022-01-12,46.582,64.617,71.318,14.996,4.660,192.853,89.259,45.996,236.116
2022-01-19,26.873,78.874,71.064,14.917,2.118,189.610,106.696,79.565,216.740
2022-01-26,24.663,103.368,71.127,14.998,0.227,213.929,89.245,88.425,214.748
2022-02-02,24.452,46.561,70.893,17.249,4.318,154.837,118.043,54.326,218.553
2022-02-09,28.152,59.819,71.084,17.099,3.254,172.900,110.136,77.659,205.377
2022-02-16,27.464,53.133,70.895,17.284,1.045,167.731,147.257,101.815,213.173
2022-02-23,31.804,51.001,70.527,17.389,2.440,168.281,117.790,88.039,198.033
2022-03-02,25.002,58.616,71.037,19.448,1.219,172.884,85.016,61.032,196.868
2022-03-09,22.696,38.597,71.014,17.927,2.942,147.292,129.231,69.252,207.272
2022-03-16,25.555,60.004,70.758,19.424,1.569,174.172,99.053,80.253,192.973
2022-03-23,24.971,49.699,70.849,19.560,2.318,162.761,100.190,68.891,194.061
2022-03-30,29.999,76.235,70.642,19.676,2.315,194.237,80.184,83.064,191.356
2022-04-06,31.323,43.066,70.665,21.810,4.358,162.506,84.360,55.301,191.565
2022-04-13,38.811,56.113,70.516,20.612,1.467,184.585,87.616,102.016,170.184
2022-04-20,41.274,41.480,70.651,20.459,2.046,171.818,76.241,88.790,159.268
2022-04-27,43.185,43.246,70.239,20.801,8.845,168.626,81.631,82.948,167.309
2022-05-04,46.303,61.043,61.718,21.986,0.931,190.119,59.817,76.774,173.161
2022-05-11,54.903,36.392,61.068,22.360,3.830,170.893,78.157,84.662,164.389
2022-05-18,67.661,63.116,60.902,22.294,5.783,208.190,57.893,115.350,150.733
2022-05-25,72.906,53.349,37.684,22.152,10.905,175.186,50.087,67.154,158.119
2022-06-01,61.143,53.765,37.665,22.455,3.333,171.695,65.990,74.335,163.350
2022-06-08,70.750,54.503,37.637,22.422,6.311,179.001,63.840,81.561,161.279
2022-06-15,74.576,84.053,7.973,25.695,4.104,188.193,73.173,99.917,161.449
2022-06-22,76.282,88.801,7.974,21.905,5.328,189.634,60.832,75.434,175.031
2022-06-29,69.559,60.619,30.875,22.635,7.299,176.389,47.801,64.884,159.306
2022-07-06,75.162,67.594,39.864,19.988,7.614,194.994,64.123,108.997,150.120
2022-07-13,64.297,67.476,65.218,20.247,5.884,211.354,45.944,98.567,158.731
2022-07-20,67.911,73.460,63.342,19.977,5.012,219.678,41.436,116.757,144.356
2022-07-27,66.375,66.577,62.015,20.117,5.733,209.351,56.814,113.325,152.839
2022-08-03,53.880,75.975,61.872,20.673,5.407,206.993,52.923,110.315,149.601
2022-08-10,50.702,58.433,60.300,20.611,14.475,175.571,73.592,92.396,156.768
2022-08-17,56.470,51.653,60.528,20.355,5.446,183.560,36.799,76.206,144.153
2022-08-24,61.145,54.877,68.052,20.245,6.649,197.670,52.897,91.773,158.793
2022-08-31,46.949,52.206,69.254,20.092,10.302,178.199,64.277,70.856,171.621
